path,true_label,predicted_label,true_class,predicted_class,confidence,correct,prob_AnnualCrop,prob_Forest,prob_HerbaceousVegetation,prob_Highway,prob_Industrial,prob_Pasture,prob_PermanentCrop,prob_Residential,prob_River,prob_SeaLake
C:\Users\DELL Precision 5550\Documents\GitHub\Terrasight-Eurosat-RGB-vs-Multispectral\data\raw\multispectral\PermanentCrop\PermanentCrop_1495.tif,6,4,PermanentCrop,Industrial,0.9990547299385072,0,0.0004473604203667,4.794789276729716e-08,4.689322850026656e-06,2.425050843157805e-05,0.9990547299385072,7.232849384308793e-06,0.0003348749014548,2.608392605907284e-05,9.968836820917204e-05,9.40990389608487e-07
C:\Users\DELL Precision 5550\Documents\GitHub\Terrasight-Eurosat-RGB-vs-Multispectral\data\raw\multispectral\AnnualCrop\AnnualCrop_127.tif,0,9,AnnualCrop,SeaLake,0.9967820644378662,0,0.003179405350238,2.290470774823916e-06,1.888943870653748e-06,3.4667798445298104e-06,2.86833301288425e-06,3.4396962291793898e-06,3.101268475802499e-06,8.86803888988652e-07,2.0650619262596592e-05,0.9967820644378662
C:\Users\DELL Precision 5550\Documents\GitHub\Terrasight-Eurosat-RGB-vs-Multispectral\data\raw\multispectral\HerbaceousVegetation\HerbaceousVegetation_637.tif,2,6,HerbaceousVegetation,PermanentCrop,0.9944086670875548,0,6.0395428590709344e-05,2.770196942947223e-06,0.0025776703841984,9.258781938115136e-05,0.0020818347111344,0.0006530241225846,0.9944086670875548,0.0001102966998587,1.2033760867780074e-05,7.880069006205304e-07
C:\Users\DELL Precision 5550\Documents\GitHub\Terrasight-Eurosat-RGB-vs-Multispectral\data\raw\multispectral\PermanentCrop\PermanentCrop_2360.tif,6,0,PermanentCrop,AnnualCrop,0.9925986528396606,0,0.9925986528396606,1.8615330077409453e-07,3.4689313906710595e-05,2.7071462682215497e-05,0.0002883788838516,5.775321915280074e-05,0.0069141038693487,5.250004505796824e-06,6.415368989109993e-05,9.81966240942711e-06
C:\Users\DELL Precision 5550\Documents\GitHub\Terrasight-Eurosat-RGB-vs-Multispectral\data\raw\multispectral\PermanentCrop\PermanentCrop_2411.tif,6,2,PermanentCrop,HerbaceousVegetation,0.991439700126648,0,3.6650342281063786e-06,1.5659132941436835e-06,0.991439700126648,3.70057750842534e-06,3.876382379530696e-06,7.292218384691297e-08,0.0085358368232846,1.45583396715665e-06,7.559587089644992e-08,1.0051637218566611e-05
C:\Users\DELL Precision 5550\Documents\GitHub\Terrasight-Eurosat-RGB-vs-Multispectral\data\raw\multispectral\AnnualCrop\AnnualCrop_2025.tif,0,6,AnnualCrop,PermanentCrop,0.990816593170166,0,0.0090409517288208,2.2490597828550566e-08,1.8964087757922243e-06,5.070684892416466e-06,3.1686551665188745e-05,0.0001010870328173,0.990816593170166,4.803989668289432e-07,2.2050944608054124e-06,4.021705990453484e-08
C:\Users\DELL Precision 5550\Documents\GitHub\Terrasight-Eurosat-RGB-vs-Multispectral\data\raw\multispectral\PermanentCrop\PermanentCrop_827.tif,6,0,PermanentCrop,AnnualCrop,0.9899144172668456,0,0.9899144172668456,3.4179947761003866e-08,3.0062121822993504e-06,5.383399911806919e-05,0.0008948953473009,0.0062335454858839,0.0026314102578908,3.3373303267580923e-06,0.0002651311515364,4.950810534865013e-07
C:\Users\DELL Precision 5550\Documents\GitHub\Terrasight-Eurosat-RGB-vs-Multispectral\data\raw\multispectral\HerbaceousVegetation\HerbaceousVegetation_2664.tif,2,3,HerbaceousVegetation,Highway,0.9875143766403198,0,5.856874122400768e-05,8.469132808386348e-06,0.0098055573180317,0.9875143766403198,0.0001646735618123,1.6130137737491168e-05,0.0019481050549075,0.0003799287078436,9.365195728605612e-05,1.0426246262795758e-05
C:\Users\DELL Precision 5550\Documents\GitHub\Terrasight-Eurosat-RGB-vs-Multispectral\data\raw\multispectral\PermanentCrop\PermanentCrop_1891.tif,6,2,PermanentCrop,HerbaceousVegetation,0.9845135807991028,0,7.189211464719847e-05,2.984496677527204e-05,0.9845135807991028,1.1254626770096364e-05,9.980683898902498e-06,2.598157607280882e-06,0.0151843903586268,1.9725282982108183e-05,9.43027771427296e-07,0.0001557893701829
C:\Users\DELL Precision 5550\Documents\GitHub\Terrasight-Eurosat-RGB-vs-Multispectral\data\raw\multispectral\Pasture\Pasture_474.tif,5,0,Pasture,AnnualCrop,0.9844895601272584,0,0.9844895601272584,1.8798305973177776e-05,0.000377322314307,0.0001991422032006,3.196059697074816e-05,0.0122356126084923,0.0023417396005243,1.6257645256700926e-05,4.329240618972108e-05,0.0002463716373313
C:\Users\DELL Precision 5550\Documents\GitHub\Terrasight-Eurosat-RGB-vs-Multispectral\data\raw\multispectral\River\River_318.tif,8,0,River,AnnualCrop,0.9840636253356934,0,0.9840636253356934,1.9510991933202604e-06,1.4264387573348358e-05,0.0015431971987709,0.0003052951069548,0.0008803948294371,0.0005603451863862,5.340867119230097e-06,0.0104411020874977,0.0021843535359948
C:\Users\DELL Precision 5550\Documents\GitHub\Terrasight-Eurosat-RGB-vs-Multispectral\data\raw\multispectral\Pasture\Pasture_1157.tif,5,2,Pasture,HerbaceousVegetation,0.9823166728019714,0,1.025188703351887e-05,0.0001335079286945,0.9823166728019714,2.229885012638988e-06,4.9130811419217935e-08,0.0174625571817159,6.1053826357238e-05,3.448043116804911e-06,2.2367814835888566e-06,8.164277460309677e-06
C:\Users\DELL Precision 5550\Documents\GitHub\Terrasight-Eurosat-RGB-vs-Multispectral\data\raw\multispectral\AnnualCrop\AnnualCrop_103.tif,0,6,AnnualCrop,PermanentCrop,0.9816187024116516,0,0.0172629915177822,1.668425824163933e-07,8.723421842660173e-07,9.384038094140124e-06,0.0001464730594307,0.0009414371452294,0.9816187024116516,4.245036961947335e-06,1.5638564946129918e-05,1.526461659295819e-07
C:\Users\DELL Precision 5550\Documents\GitHub\Terrasight-Eurosat-RGB-vs-Multispectral\data\raw\multispectral\PermanentCrop\PermanentCrop_340.tif,6,2,PermanentCrop,HerbaceousVegetation,0.9701340794563292,0,0.0001323886826867,0.0024526396300643,0.9701340794563292,6.741366814821959e-05,0.0001425742084393,0.0001367922959616,0.0119200218468904,0.014825033955276,2.5848499717540108e-05,0.0001631167397135
C:\Users\DELL Precision 5550\Documents\GitHub\Terrasight-Eurosat-RGB-vs-Multispectral\data\raw\multispectral\River\River_1000.tif,8,2,River,HerbaceousVegetation,0.9662694334983826,0,1.6985704860417172e-05,0.0001476311736041,0.9662694334983826,4.2799256334546953e-05,7.159478627727367e-07,0.0002961629361379,0.0003313281049486,3.3263279419770697e-07,0.0327698737382888,0.0001247506879735
C:\Users\DELL Precision 5550\Documents\GitHub\Terrasight-Eurosat-RGB-vs-Multispectral\data\raw\multispectral\Highway\Highway_2185.tif,3,4,Highway,Industrial,0.9661886096000672,0,8.9428031060379e-06,1.9927826500065752e-08,9.861444141279208e-07,0.0326738953590393,0.9661886096000672,2.040963590843603e-05,2.108047556248493e-05,0.0005183605826459,0.0005673192208632,4.290081392355205e-07
C:\Users\DELL Precision 5550\Documents\GitHub\Terrasight-Eurosat-RGB-vs-Multispectral\data\raw\multispectral\Highway\Highway_1888.tif,3,0,Highway,AnnualCrop,0.9654741287231444,0,0.9654741287231444,1.5544208054052433e-06,0.0003941813192795,0.0302935577929019,0.0002166713675251,0.0002407977444818,0.001501634134911,1.2743277693516576e-05,0.0016619703965261,0.0002027480513788
C:\Users\DELL Precision 5550\Documents\GitHub\Terrasight-Eurosat-RGB-vs-Multispectral\data\raw\multispectral\Forest\Forest_1735.tif,1,8,Forest,River,0.9635277986526488,0,3.2028947316575795e-06,0.0359414853155612,5.140578286955133e-05,0.0003270197194069,1.0382753146132019e-07,0.0001261987781617,2.40749841395882e-07,4.800130568582972e-07,0.9635277986526488,2.195657361880876e-05
C:\Users\DELL Precision 5550\Documents\GitHub\Terrasight-Eurosat-RGB-vs-Multispectral\data\raw\multispectral\Industrial\Industrial_1830.tif,4,6,Industrial,PermanentCrop,0.9622288346290588,0,0.0007813097327016,3.0769740533287404e-06,0.0057113589718937,0.0002094713272526,0.0307156760245561,3.3122636523330584e-05,0.9622288346290588,0.0002895203942898,4.3928830564254895e-06,2.320989005966112e-05
C:\Users\DELL Precision 5550\Documents\GitHub\Terrasight-Eurosat-RGB-vs-Multispectral\data\raw\multispectral\PermanentCrop\PermanentCrop_2110.tif,6,2,PermanentCrop,HerbaceousVegetation,0.9599357843399048,0,0.0033640160690993,0.0002110029454343,0.9599357843399048,0.00277935503982,0.0062101883813738,9.809601760935038e-05,0.0216141697019338,0.000446325779194,0.0003133598656859,0.0050278450362384
C:\Users\DELL Precision 5550\Documents\GitHub\Terrasight-Eurosat-RGB-vs-Multispectral\data\raw\multispectral\SeaLake\SeaLake_1234.tif,9,8,SeaLake,River,0.9592240452766418,0,6.532605038955808e-05,1.823222373786848e-05,0.0001130402670241,1.749892908264883e-05,1.3111830412526617e-05,2.6417301342007704e-05,4.1439084270678e-06,3.2887414818105758e-06,0.9592240452766418,0.0405148603022098
C:\Users\DELL Precision 5550\Documents\GitHub\Terrasight-Eurosat-RGB-vs-Multispectral\data\raw\multispectral\AnnualCrop\AnnualCrop_2230.tif,0,6,AnnualCrop,PermanentCrop,0.958489954471588,0,0.0299009531736373,6.216044425855216e-07,2.066287379420828e-05,0.0015940453158691,0.0001968802680494,0.009730139747262,0.958489954471588,4.979771802027244e-06,6.103714986238629e-05,7.44467058666487e-07
C:\Users\DELL Precision 5550\Documents\GitHub\Terrasight-Eurosat-RGB-vs-Multispectral\data\raw\multispectral\Pasture\Pasture_768.tif,5,0,Pasture,AnnualCrop,0.9575358629226683,0,0.9575358629226683,5.809830690850504e-05,0.0007084987591952,0.0005422678077593,0.0003323451674077,0.0346133522689342,0.001960307592526,0.0001021440039039,0.0014861859381198,0.0026607348117977
C:\Users\DELL Precision 5550\Documents\GitHub\Terrasight-Eurosat-RGB-vs-Multispectral\data\raw\multispectral\Residential\Residential_2150.tif,7,4,Residential,Industrial,0.9574554562568665,0,1.703046291368082e-05,1.5024601452751083e-05,0.0255854688584804,0.0002780557842925,0.9574554562568665,6.701971869915724e-06,0.0054449224844574,0.0110969459637999,3.7085153508087383e-06,9.668522397987545e-05
C:\Users\DELL Precision 5550\Documents\GitHub\Terrasight-Eurosat-RGB-vs-Multispectral\data\raw\multispectral\HerbaceousVegetation\HerbaceousVegetation_707.tif,2,5,HerbaceousVegetation,Pasture,0.9513589143753052,0,0.0027687679976224,0.0001183595741167,0.0023309672251343,0.0265489779412746,0.0014606866752728,0.9513589143753052,0.0073722251690924,0.0072081023827195,0.0004856674931943,0.0003473453980404
C:\Users\DELL Precision 5550\Documents\GitHub\Terrasight-Eurosat-RGB-vs-Multispectral\data\raw\multispectral\Pasture\Pasture_1959.tif,5,2,Pasture,HerbaceousVegetation,0.9509806632995604,0,1.195382446894655e-05,0.0092380587011575,0.9509806632995604,0.0006596466409973,5.497901383932913e-06,0.0370453000068664,0.0014098357642069,3.609699206208461e-06,0.0006260549416765,1.937534580065403e-05
C:\Users\DELL Precision 5550\Documents\GitHub\Terrasight-Eurosat-RGB-vs-Multispectral\data\raw\multispectral\River\River_2488.tif,8,0,River,AnnualCrop,0.949480414390564,0,0.949480414390564,1.9394266928429715e-05,0.001692617079243,0.0053756670095026,0.0023359598126262,0.000716553942766,0.0040854113176465,0.0001547535794088,0.0333282984793186,0.0028109136037528
C:\Users\DELL Precision 5550\Documents\GitHub\Terrasight-Eurosat-RGB-vs-Multispectral\data\raw\multispectral\AnnualCrop\AnnualCrop_159.tif,0,6,AnnualCrop,PermanentCrop,0.9481224417686462,0,0.0498073287308216,7.414626423951631e-08,1.1921249097213147e-05,9.636226604925469e-05,0.0013876484008505,0.0005266387015581,0.9481224417686462,2.2589281343243783e-06,4.510223152465187e-05,2.476281792951341e-07
C:\Users\DELL Precision 5550\Documents\GitHub\Terrasight-Eurosat-RGB-vs-Multispectral\data\raw\multispectral\Industrial\Industrial_2144.tif,4,6,Industrial,PermanentCrop,0.9476605653762816,0,0.0007185578579083,3.4277316984798745e-08,0.0002646678185556,0.0072239083237946,0.0440892241895198,1.5317102224798873e-05,0.9476605653762816,7.929050298116636e-06,1.953600258275401e-05,2.5119436486420454e-07
C:\Users\DELL Precision 5550\Documents\GitHub\Terrasight-Eurosat-RGB-vs-Multispectral\data\raw\multispectral\Highway\Highway_2499.tif,3,0,Highway,AnnualCrop,0.9468417763710022,0,0.9468417763710022,1.077122107062678e-07,0.0004063445085193,0.0468207113444805,0.0001267978805117,4.732842717203312e-05,0.0054338490590453,1.9113285816274583e-06,0.0003166872484143,4.512151463131886e-06
C:\Users\DELL Precision 5550\Documents\GitHub\Terrasight-Eurosat-RGB-vs-Multispectral\data\raw\multispectral\PermanentCrop\PermanentCrop_1530.tif,6,2,PermanentCrop,HerbaceousVegetation,0.9417681097984314,0,3.605873280321248e-05,3.1681636755820364e-05,0.9417681097984314,5.74584373680409e-05,1.472862459195312e-05,0.000101877572888,0.0566933862864971,0.0012193358270451,4.227444208027009e-07,7.700338028371334e-05
C:\Users\DELL Precision 5550\Documents\GitHub\Terrasight-Eurosat-RGB-vs-Multispectral\data\raw\multispectral\Highway\Highway_1860.tif,3,6,Highway,PermanentCrop,0.9410852193832396,0,0.0019311176147311,3.724925591086503e-06,0.0045943409204483,0.0261157881468534,0.0259680803865194,7.911938155302778e-05,0.9410852193832396,0.0001230275229318,5.693562343367376e-05,4.260236528352834e-05
C:\Users\DELL Precision 5550\Documents\GitHub\Terrasight-Eurosat-RGB-vs-Multispectral\data\raw\multispectral\PermanentCrop\PermanentCrop_62.tif,6,2,PermanentCrop,HerbaceousVegetation,0.9371984004974364,0,9.86393861239776e-05,0.0003149288822896,0.9371984004974364,2.4120989110087976e-05,3.1662810215493664e-05,0.0001417878956999,0.0601716749370098,0.0018632858991622,3.271526793469093e-06,0.0001522834063507
C:\Users\DELL Precision 5550\Documents\GitHub\Terrasight-Eurosat-RGB-vs-Multispectral\data\raw\multispectral\Pasture\Pasture_1786.tif,5,9,Pasture,SeaLake,0.9320015907287598,0,0.0512059032917022,0.0004437861789483,0.000341614941135,0.0002735618618316,0.0010882487986236,0.0098641170188784,0.0002989070490002,0.0039631999097764,0.0005191774689592,0.9320015907287598
C:\Users\DELL Precision 5550\Documents\GitHub\Terrasight-Eurosat-RGB-vs-Multispectral\data\raw\multispectral\PermanentCrop\PermanentCrop_502.tif,6,7,PermanentCrop,Residential,0.9307183027267456,0,0.0006101549370214,0.0557913817465305,0.0053914533928036,0.0015662687364965,0.0002650302485562,4.160159005550668e-05,0.001514577306807,0.9307183027267456,0.0003574564761947,0.00374377053231
C:\Users\DELL Precision 5550\Documents\GitHub\Terrasight-Eurosat-RGB-vs-Multispectral\data\raw\multispectral\HerbaceousVegetation\HerbaceousVegetation_1101.tif,2,6,HerbaceousVegetation,PermanentCrop,0.929850161075592,0,0.000126673723571,6.828131063230103e-06,0.0647295340895652,0.0001175328434328,0.0050233169458806,3.133454447379336e-05,0.929850161075592,9.67160303844139e-05,8.21517278382089e-06,9.610858796804678e-06
C:\Users\DELL Precision 5550\Documents\GitHub\Terrasight-Eurosat-RGB-vs-Multispectral\data\raw\multispectral\Forest\Forest_783.tif,1,2,Forest,HerbaceousVegetation,0.9289582371711732,0,0.0013445800868794,0.02653344348073,0.9289582371711732,0.0225012321025133,0.0008321042405441,0.0012892510276287,0.0033256753813475,0.0063879340887069,0.0034220297820866,0.0054055149666965
C:\Users\DELL Precision 5550\Documents\GitHub\Terrasight-Eurosat-RGB-vs-Multispectral\data\raw\multispectral\Forest\Forest_1357.tif,1,2,Forest,HerbaceousVegetation,0.9278618693351746,0,0.0002163866738555,0.0523759573698043,0.9278618693351746,0.0001199852922582,4.475051537156105e-05,0.0003344380820635,0.0178656745702028,0.0001741575106279,0.0001257383555639,0.0008808098500594
C:\Users\DELL Precision 5550\Documents\GitHub\Terrasight-Eurosat-RGB-vs-Multispectral\data\raw\multispectral\Industrial\Industrial_643.tif,4,7,Industrial,Residential,0.9272089600563048,0,6.64363278701785e-06,4.972760052623926e-07,0.0009041257435455,0.0001327363861491,0.0716378763318061,3.774751462515269e-07,9.714267071103676e-05,0.9272089600563048,1.6684410866218968e-06,9.905197657644749e-06
C:\Users\DELL Precision 5550\Documents\GitHub\Terrasight-Eurosat-RGB-vs-Multispectral\data\raw\multispectral\PermanentCrop\PermanentCrop_1764.tif,6,4,PermanentCrop,Industrial,0.924891710281372,0,0.0005517186946235,3.838635620923014e-06,0.0016781582962721,0.0184917394071817,0.924891710281372,6.101452891016379e-05,0.0529360100626945,0.0012263689422979,0.0001199091129819,3.9594469853909686e-05
C:\Users\DELL Precision 5550\Documents\GitHub\Terrasight-Eurosat-RGB-vs-Multispectral\data\raw\multispectral\Highway\Highway_2497.tif,3,4,Highway,Industrial,0.9228485226631165,0,2.389677865721751e-05,4.9096288421424106e-06,0.0006298088119365,0.0738773569464683,0.9228485226631165,1.303317094425438e-05,0.0003536406729836,0.0021448042243719,8.763046935200691e-05,1.6420586689491756e-05
C:\Users\DELL Precision 5550\Documents\GitHub\Terrasight-Eurosat-RGB-vs-Multispectral\data\raw\multispectral\Highway\Highway_1596.tif,3,0,Highway,AnnualCrop,0.9200853705406188,0,0.9200853705406188,3.0405888082896126e-06,0.0006336509250104,0.0709489285945892,0.0005025301361456,0.0002289571129949,0.000944958650507,2.994809256051667e-05,0.0052839634008705,0.0013387333601713
C:\Users\DELL Precision 5550\Documents\GitHub\Terrasight-Eurosat-RGB-vs-Multispectral\data\raw\multispectral\AnnualCrop\AnnualCrop_721.tif,0,6,AnnualCrop,PermanentCrop,0.9140217900276184,0,0.083798162639141,2.564402848292957e-06,0.000133795387228,0.0001130372402258,0.0002422342658974,0.0016128495335578,0.9140217900276184,2.59132866631262e-05,4.448442996363156e-05,5.163446985534392e-06
C:\Users\DELL Precision 5550\Documents\GitHub\Terrasight-Eurosat-RGB-vs-Multispectral\data\raw\multispectral\Highway\Highway_1303.tif,3,6,Highway,PermanentCrop,0.9009448289871216,0,0.0375299863517284,0.000247003568802,0.0004674783849623,0.004881321452558,0.0066333501599729,0.0383139587938785,0.9009448289871216,0.0091040758416056,0.0016268208855763,0.0002511846832931
C:\Users\DELL Precision 5550\Documents\GitHub\Terrasight-Eurosat-RGB-vs-Multispectral\data\raw\multispectral\PermanentCrop\PermanentCrop_1942.tif,6,0,PermanentCrop,AnnualCrop,0.8995184898376465,0,0.8995184898376465,8.017815300576102e-10,2.268826392537449e-06,1.674950226515648e-06,0.0017099431715905,4.543569957604632e-06,0.0987592861056327,1.7012644093483686e-07,3.637570898717968e-06,2.0598152516981827e-08
C:\Users\DELL Precision 5550\Documents\GitHub\Terrasight-Eurosat-RGB-vs-Multispectral\data\raw\multispectral\PermanentCrop\PermanentCrop_1934.tif,6,4,PermanentCrop,Industrial,0.89897221326828,0,0.0049889106303453,1.1345791861572252e-08,7.097778052411741e-06,3.336795998620801e-05,0.89897221326828,1.945888470800128e-05,0.0959462523460388,1.6612304534646682e-05,1.5982082913978957e-05,1.0069799571965633e-07
C:\Users\DELL Precision 5550\Documents\GitHub\Terrasight-Eurosat-RGB-vs-Multispectral\data\raw\multispectral\Pasture\Pasture_1481.tif,5,2,Pasture,HerbaceousVegetation,0.8975454568862915,0,6.70820809318684e-05,0.0582870878279209,0.8975454568862915,0.0004436752351466,6.592176214326173e-05,0.0292353369295597,0.0025618358049541,5.9461141063366085e-05,0.0108147719874978,0.0009193379664793
C:\Users\DELL Precision 5550\Documents\GitHub\Terrasight-Eurosat-RGB-vs-Multispectral\data\raw\multispectral\River\River_84.tif,8,3,River,Highway,0.8883042335510254,0,0.0001176172227133,0.0001169806055258,0.0003499261802062,0.8883042335510254,3.0218932806747038e-05,0.000718759605661,7.786042988300323e-05,1.7386437320965342e-05,0.1101840659976005,8.293971768580377e-05
C:\Users\DELL Precision 5550\Documents\GitHub\Terrasight-Eurosat-RGB-vs-Multispectral\data\raw\multispectral\Pasture\Pasture_789.tif,5,0,Pasture,AnnualCrop,0.8838326930999756,0,0.8838326930999756,0.0009160889894701,0.0003459833096712,0.0002887070877477,0.0003374824300408,0.1048248559236526,0.0023779605980962,0.0001103228278225,0.0035041202791035,0.0034617458004504
C:\Users\DELL Precision 5550\Documents\GitHub\Terrasight-Eurosat-RGB-vs-Multispectral\data\raw\multispectral\HerbaceousVegetation\HerbaceousVegetation_90.tif,2,6,HerbaceousVegetation,PermanentCrop,0.8838170170783997,0,0.0002343265805393,2.9473349059117027e-06,0.0349922962486743,0.0008321839850395,0.0799443870782852,1.178416823677253e-05,0.8838170170783997,0.0001403943606419,1.5138373782974668e-05,9.476488230575342e-06
C:\Users\DELL Precision 5550\Documents\GitHub\Terrasight-Eurosat-RGB-vs-Multispectral\data\raw\multispectral\Highway\Highway_773.tif,3,5,Highway,Pasture,0.8836115598678589,0,0.0174199473112821,4.123941835132428e-06,0.0001480120699852,0.08199954777956,0.0002242184709757,0.8836115598678589,0.0095771253108978,2.168131322832778e-05,0.0069761504419147,1.758812868501991e-05
C:\Users\DELL Precision 5550\Documents\GitHub\Terrasight-Eurosat-RGB-vs-Multispectral\data\raw\multispectral\River\River_2177.tif,8,9,River,SeaLake,0.8834228515625,0,0.0007955678156577,6.189170107973041e-06,5.94702305534156e-06,0.0001716578844934,2.3298218366107903e-05,2.009964919125196e-05,3.095914962614188e-06,5.046373644290725e-06,0.115546315908432,0.8834228515625
C:\Users\DELL Precision 5550\Documents\GitHub\Terrasight-Eurosat-RGB-vs-Multispectral\data\raw\multispectral\River\River_83.tif,8,3,River,Highway,0.8798978328704834,0,0.0006176679744385,1.4352405742101835e-05,0.0002283045178046,0.8798978328704834,7.39884126232937e-05,0.0002612446551211,0.0001907781115733,1.6696034435881302e-05,0.1186086535453796,9.046792547451332e-05
C:\Users\DELL Precision 5550\Documents\GitHub\Terrasight-Eurosat-RGB-vs-Multispectral\data\raw\multispectral\PermanentCrop\PermanentCrop_1551.tif,6,0,PermanentCrop,AnnualCrop,0.8787005543708801,0,0.8787005543708801,6.094982381910086e-06,0.0010354367550462,0.000627958565019,0.006591030396521,0.0008181352750398,0.1112658903002739,0.0001362596813123,0.0007391066756099,7.952627493068576e-05
C:\Users\DELL Precision 5550\Documents\GitHub\Terrasight-Eurosat-RGB-vs-Multispectral\data\raw\multispectral\Pasture\Pasture_1320.tif,5,2,Pasture,HerbaceousVegetation,0.8781972527503967,0,0.0022997818887233,0.0078406780958175,0.8781972527503967,0.0003456135455053,0.0003156856400892,0.0320105627179145,0.0500107258558273,0.00187244778499,0.0001837336458265,0.0269235726445913
C:\Users\DELL Precision 5550\Documents\GitHub\Terrasight-Eurosat-RGB-vs-Multispectral\data\raw\multispectral\Forest\Forest_702.tif,1,5,Forest,Pasture,0.8771599531173706,0,0.0033754841424524,0.0528808869421482,0.0553187541663646,0.000236091465922,0.0001065631367964,0.8771599531173706,0.0095921056345105,0.0002625266788527,0.0003872063825838,0.0006803293945267
C:\Users\DELL Precision 5550\Documents\GitHub\Terrasight-Eurosat-RGB-vs-Multispectral\data\raw\multispectral\PermanentCrop\PermanentCrop_727.tif,6,2,PermanentCrop,HerbaceousVegetation,0.875416100025177,0,0.0090323789045214,0.0103954458609223,0.875416100025177,0.0005979590350762,0.0009024865576066,0.0016096566105261,0.0949515774846077,0.0034138916525989,0.0007187004084698,0.0029619052074849
C:\Users\DELL Precision 5550\Documents\GitHub\Terrasight-Eurosat-RGB-vs-Multispectral\data\raw\multispectral\Forest\Forest_950.tif,1,8,Forest,River,0.8734951615333557,0,2.4444168502668617e-06,0.1255862414836883,0.000175852299435,0.0006992790149524,1.8018351966020418e-07,2.3287102521862835e-05,7.889315156717203e-07,2.1149601252545835e-06,0.8734951615333557,1.4611202459491324e-05
C:\Users\DELL Precision 5550\Documents\GitHub\Terrasight-Eurosat-RGB-vs-Multispectral\data\raw\multispectral\HerbaceousVegetation\HerbaceousVegetation_1707.tif,2,6,HerbaceousVegetation,PermanentCrop,0.871527373790741,0,2.991162000398617e-05,1.953312857949641e-05,0.1247526928782463,1.1638185242190955e-05,0.0033311590086668,1.6407760995207354e-05,0.871527373790741,0.0002885833382606,2.5775996164156822e-06,2.008291812671814e-05
C:\Users\DELL Precision 5550\Documents\GitHub\Terrasight-Eurosat-RGB-vs-Multispectral\data\raw\multispectral\Forest\Forest_430.tif,1,2,Forest,HerbaceousVegetation,0.8711919784545898,0,0.0004958425415679,0.0949137881398201,0.8711919784545898,0.0003520702302921,0.0001324138866038,0.0019911080598831,0.0069284043274819,0.0205752830952405,0.0001376009749947,0.0032815616577863
C:\Users\DELL Precision 5550\Documents\GitHub\Terrasight-Eurosat-RGB-vs-Multispectral\data\raw\multispectral\PermanentCrop\PermanentCrop_417.tif,6,2,PermanentCrop,HerbaceousVegetation,0.8637733459472656,0,0.0009425061871297,0.0025113753508776,0.8637733459472656,0.0006606239476241,0.0002621734165586,0.0001247569744009,0.0094449147582054,0.1215249001979827,6.673862662864849e-05,0.0006886617047712
C:\Users\DELL Precision 5550\Documents\GitHub\Terrasight-Eurosat-RGB-vs-Multispectral\data\raw\multispectral\PermanentCrop\PermanentCrop_1908.tif,6,0,PermanentCrop,AnnualCrop,0.8618015050888062,0,0.8618015050888062,0.0003467040078248,0.0113133424893021,0.0004808651865459,0.0004945434629917,0.0191755685955286,0.0885013937950134,0.0160856023430824,0.0002651610411703,0.0015352763002738
C:\Users\DELL Precision 5550\Documents\GitHub\Terrasight-Eurosat-RGB-vs-Multispectral\data\raw\multispectral\Highway\Highway_281.tif,3,0,Highway,AnnualCrop,0.8605159521102905,0,0.8605159521102905,1.4079233778829805e-06,0.0003867763443849,0.1353050470352172,0.0001582555705681,0.0004961683880537,0.0006333586643449,1.2014897947665304e-05,0.0023644505999982,0.0001266631588805
C:\Users\DELL Precision 5550\Documents\GitHub\Terrasight-Eurosat-RGB-vs-Multispectral\data\raw\multispectral\PermanentCrop\PermanentCrop_1899.tif,6,2,PermanentCrop,HerbaceousVegetation,0.856801450252533,0,0.0016330562066286,0.00075812934665,0.856801450252533,0.0008684294298291,0.0002786686236504,0.0332468897104263,0.1055482998490333,0.0002624393673613,0.0004292938974685,0.0001735109690343
C:\Users\DELL Precision 5550\Documents\GitHub\Terrasight-Eurosat-RGB-vs-Multispectral\data\raw\multispectral\Pasture\Pasture_1534.tif,5,0,Pasture,AnnualCrop,0.8563372492790222,0,0.8563372492790222,2.860341737687122e-05,0.0001628753670956,0.0004369160742498,0.0009933002293109,0.1387330591678619,0.0013904994120821,4.077351331943646e-05,0.001423035049811,0.0004537537752185
C:\Users\DELL Precision 5550\Documents\GitHub\Terrasight-Eurosat-RGB-vs-Multispectral\data\raw\multispectral\PermanentCrop\PermanentCrop_1798.tif,6,2,PermanentCrop,HerbaceousVegetation,0.8512200713157654,0,0.000293479533866,1.1961471500399057e-05,0.8512200713157654,9.24102423596196e-05,0.0001620979746803,2.46646436607989e-06,0.1478704959154129,0.0001656909007579,1.0148407909582602e-06,0.0001802617043722
C:\Users\DELL Precision 5550\Documents\GitHub\Terrasight-Eurosat-RGB-vs-Multispectral\data\raw\multispectral\River\River_2216.tif,8,5,River,Pasture,0.8502369523048401,0,0.0119452197104692,0.000317587313475,0.0033581242896616,0.0434343330562114,0.0003151295240968,0.8502369523048401,0.0027173883281648,0.0001565711136208,0.0863670706748962,0.001151650911197
C:\Users\DELL Precision 5550\Documents\GitHub\Terrasight-Eurosat-RGB-vs-Multispectral\data\raw\multispectral\AnnualCrop\AnnualCrop_2533.tif,0,6,AnnualCrop,PermanentCrop,0.8491780757904053,0,0.0646296218037605,2.3649803551961668e-05,0.070797324180603,0.0011813298333436,0.012910921126604,0.0007323346799239,0.8491780757904053,0.0003645558026619,0.0001134349658968,6.875055987620726e-05
C:\Users\DELL Precision 5550\Documents\GitHub\Terrasight-Eurosat-RGB-vs-Multispectral\data\raw\multispectral\PermanentCrop\PermanentCrop_2178.tif,6,2,PermanentCrop,HerbaceousVegetation,0.8465846180915833,0,0.000159251052537,0.0001307028287556,0.8465846180915833,2.2024469217285517e-05,4.8448822781210765e-05,0.0003535612777341,0.1526011824607849,2.0903520635329187e-05,1.7067057342501357e-05,6.239768845262006e-05
C:\Users\DELL Precision 5550\Documents\GitHub\Terrasight-Eurosat-RGB-vs-Multispectral\data\raw\multispectral\Pasture\Pasture_1228.tif,5,6,Pasture,PermanentCrop,0.8423041105270386,0,0.1032946929335594,7.468561307177879e-06,0.000153103028424,6.448580097639933e-05,0.0004125405102968,0.0536177195608615,0.8423041105270386,4.471421198104508e-05,9.547641093377024e-05,5.654387223330559e-06
C:\Users\DELL Precision 5550\Documents\GitHub\Terrasight-Eurosat-RGB-vs-Multispectral\data\raw\multispectral\Forest\Forest_2489.tif,1,8,Forest,River,0.838986337184906,0,0.0001216506134369,0.0909503102302551,0.065934918820858,0.0006834277301095,1.6991416487144306e-05,0.002040283055976,0.0001073345774784,2.859670166799333e-05,0.838986337184906,0.0011301455087959
C:\Users\DELL Precision 5550\Documents\GitHub\Terrasight-Eurosat-RGB-vs-Multispectral\data\raw\multispectral\Pasture\Pasture_858.tif,5,6,Pasture,PermanentCrop,0.8377014994621277,0,0.0002064196305582,2.3946042347233742e-05,0.0012753799092024,0.0024723978713154,0.0009605796076357,0.156649500131607,0.8377014994621277,0.0003557369927875,0.0003508387017063,3.685952833620832e-06
C:\Users\DELL Precision 5550\Documents\GitHub\Terrasight-Eurosat-RGB-vs-Multispectral\data\raw\multispectral\Residential\Residential_402.tif,7,4,Residential,Industrial,0.8333001732826233,0,1.3984279689793766e-07,4.187501190244802e-08,5.4370411817217246e-05,3.591259883251041e-05,0.8333001732826233,2.0647171083965082e-07,0.0003218248311895,0.1662870943546295,1.3961584954813588e-07,1.1761532192622327e-07
C:\Users\DELL Precision 5550\Documents\GitHub\Terrasight-Eurosat-RGB-vs-Multispectral\data\raw\multispectral\Residential\Residential_2842.tif,7,4,Residential,Industrial,0.8316512703895569,0,4.2188414226984605e-05,1.510017773398431e-05,7.589158485643566e-05,0.0088647129014134,0.8316512703895569,0.0009168912074528,0.003882705932483,0.1543205231428146,0.0002156836708309,1.5032660485303497e-05
C:\Users\DELL Precision 5550\Documents\GitHub\Terrasight-Eurosat-RGB-vs-Multispectral\data\raw\multispectral\Pasture\Pasture_940.tif,5,0,Pasture,AnnualCrop,0.8314080834388733,0,0.8314080834388733,8.527731552021578e-06,4.78089896205347e-05,0.0001519539073342,2.900929212046321e-05,0.1666368097066879,0.0002405341219855,8.128019544528797e-06,1.7047193978214636e-05,0.0014522244455292
C:\Users\DELL Precision 5550\Documents\GitHub\Terrasight-Eurosat-RGB-vs-Multispectral\data\raw\multispectral\HerbaceousVegetation\HerbaceousVegetation_927.tif,2,6,HerbaceousVegetation,PermanentCrop,0.8291965126991272,0,0.0682584717869758,9.909446816891432e-05,0.0537173077464103,0.0092467786744236,0.0005438129883259,0.0376879796385765,0.8291965126991272,0.0002182565367547,0.0007384551572613,0.0002933561627287
C:\Users\DELL Precision 5550\Documents\GitHub\Terrasight-Eurosat-RGB-vs-Multispectral\data\raw\multispectral\PermanentCrop\PermanentCrop_88.tif,6,0,PermanentCrop,AnnualCrop,0.828003466129303,0,0.828003466129303,2.5685215732096367e-08,6.490531814051792e-05,2.615106859593652e-05,0.0064417021349072,0.0001316636626143,0.1652607023715973,3.1026636406750185e-06,6.737676449120045e-05,9.065617518899672e-07
C:\Users\DELL Precision 5550\Documents\GitHub\Terrasight-Eurosat-RGB-vs-Multispectral\data\raw\multispectral\AnnualCrop\AnnualCrop_218.tif,0,6,AnnualCrop,PermanentCrop,0.8272951245307922,0,0.120352879166603,2.8274711439735256e-05,0.0036078188568353,0.0025482724886387,0.0091177504509687,0.0357667244970798,0.8272951245307922,0.0004156845388934,0.000830213422887,3.7202724342932925e-05
C:\Users\DELL Precision 5550\Documents\GitHub\Terrasight-Eurosat-RGB-vs-Multispectral\data\raw\multispectral\PermanentCrop\PermanentCrop_1705.tif,6,0,PermanentCrop,AnnualCrop,0.8262531161308289,0,0.8262531161308289,1.669582343311049e-05,0.0002164263860322,0.00072778807953,0.0102701010182499,0.0084458803758025,0.1526386141777038,0.0001220852573169,0.0011510449694469,0.0001583208359079
C:\Users\DELL Precision 5550\Documents\GitHub\Terrasight-Eurosat-RGB-vs-Multispectral\data\raw\multispectral\PermanentCrop\PermanentCrop_1187.tif,6,0,PermanentCrop,AnnualCrop,0.8230568766593933,0,0.8230568766593933,1.4474599652203326e-07,0.0003851619840133,3.290574386483058e-05,0.135578379034996,6.34470852673985e-05,0.0408285297453403,2.0694989871117286e-05,2.986938307003584e-05,3.993926384282531e-06
C:\Users\DELL Precision 5550\Documents\GitHub\Terrasight-Eurosat-RGB-vs-Multispectral\data\raw\multispectral\Industrial\Industrial_2362.tif,4,3,Industrial,Highway,0.8226492404937744,0,0.0002460292598698,0.0034433018881827,0.0054558240808546,0.8226492404937744,0.1021355241537094,0.0012808599276468,0.0058668865822255,0.0574528239667415,0.0013123556273058,0.0001571486354805
C:\Users\DELL Precision 5550\Documents\GitHub\Terrasight-Eurosat-RGB-vs-Multispectral\data\raw\multispectral\Pasture\Pasture_1750.tif,5,2,Pasture,HerbaceousVegetation,0.8175316452980042,0,0.0003344131400808,0.0078408671543002,0.8175316452980042,0.0002229366800747,2.8836435376433656e-05,0.168163925409317,0.0052191424183547,0.0003825597523245,7.94065636000596e-05,0.0001962767273653
C:\Users\DELL Precision 5550\Documents\GitHub\Terrasight-Eurosat-RGB-vs-Multispectral\data\raw\multispectral\AnnualCrop\AnnualCrop_1441.tif,0,6,AnnualCrop,PermanentCrop,0.8135864734649658,0,0.1830552965402603,2.833846338035073e-06,0.0002948642941191,4.506091499933973e-05,0.0016190208261832,0.0013062487123534,0.8135864734649658,3.090237805736251e-05,5.336265894584358e-05,5.901023996557342e-06
C:\Users\DELL Precision 5550\Documents\GitHub\Terrasight-Eurosat-RGB-vs-Multispectral\data\raw\multispectral\Industrial\Industrial_461.tif,4,3,Industrial,Highway,0.8130104541778564,0,0.0001547346182633,0.0006104862550273,0.1156847774982452,0.8130104541778564,0.0538524240255355,9.34452036744915e-05,0.0111005390062928,0.0049047917127609,0.0004810061946045,0.0001073482853826
C:\Users\DELL Precision 5550\Documents\GitHub\Terrasight-Eurosat-RGB-vs-Multispectral\data\raw\multispectral\AnnualCrop\AnnualCrop_613.tif,0,6,AnnualCrop,PermanentCrop,0.8123124241828918,0,0.181517094373703,7.165880106185796e-06,0.0007238403777591,0.0006348775350488,0.0001955742336576,0.0044684638269245,0.8123124241828918,3.365003431099467e-05,9.570520342094824e-05,1.1327860192977823e-05
C:\Users\DELL Precision 5550\Documents\GitHub\Terrasight-Eurosat-RGB-vs-Multispectral\data\raw\multispectral\HerbaceousVegetation\HerbaceousVegetation_2316.tif,2,3,HerbaceousVegetation,Highway,0.808064877986908,0,4.1055060137296095e-05,4.346479909145273e-05,0.1787056922912597,0.808064877986908,5.310092456056736e-05,0.0011313207214698,0.0061399186961352,1.1758254004234914e-05,0.005778559949249,3.036054113181308e-05
C:\Users\DELL Precision 5550\Documents\GitHub\Terrasight-Eurosat-RGB-vs-Multispectral\data\raw\multispectral\Highway\Highway_673.tif,3,4,Highway,Industrial,0.8061330914497375,0,9.252179552277084e-06,6.744433562744234e-07,2.5782861484913155e-05,0.192032054066658,0.8061330914497375,6.278567980189109e-06,0.0001160229439847,0.0012186677195131,0.0004559468943625,2.317069856871967e-06
C:\Users\DELL Precision 5550\Documents\GitHub\Terrasight-Eurosat-RGB-vs-Multispectral\data\raw\multispectral\Industrial\Industrial_2365.tif,4,7,Industrial,Residential,0.802649736404419,0,2.6419195364724146e-07,2.491573347640497e-08,1.6793093891465105e-05,0.0018960000015795,0.1954228729009628,2.226623223577917e-07,1.2170360605523456e-05,0.802649736404419,9.469932820138638e-07,9.4732928346275e-07
C:\Users\DELL Precision 5550\Documents\GitHub\Terrasight-Eurosat-RGB-vs-Multispectral\data\raw\multispectral\Pasture\Pasture_1163.tif,5,0,Pasture,AnnualCrop,0.8019424676895142,0,0.8019424676895142,0.0007210099720396,0.0016396665014326,0.0011413583997637,0.0002800567890517,0.0225207470357418,0.0009393640793859,0.0001940982911037,0.0047695930115878,0.1658516824245453
C:\Users\DELL Precision 5550\Documents\GitHub\Terrasight-Eurosat-RGB-vs-Multispectral\data\raw\multispectral\Pasture\Pasture_1196.tif,5,0,Pasture,AnnualCrop,0.8009070158004761,0,0.8009070158004761,0.0008558933041058,0.0195703953504562,0.0026352310087531,0.001095401821658,0.1421164125204086,0.026189224794507,0.0004528256540652,0.0054102768190205,0.0007673060172237
C:\Users\DELL Precision 5550\Documents\GitHub\Terrasight-Eurosat-RGB-vs-Multispectral\data\raw\multispectral\Highway\Highway_2046.tif,3,0,Highway,AnnualCrop,0.7973445653915405,0,0.7973445653915405,6.435980321839452e-05,0.0052212397567927,0.155619129538536,0.0005451191682368,0.0067053390666842,0.0179786514490842,0.0001502036466263,0.0154721476137638,0.0008991520735435
C:\Users\DELL Precision 5550\Documents\GitHub\Terrasight-Eurosat-RGB-vs-Multispectral\data\raw\multispectral\PermanentCrop\PermanentCrop_911.tif,6,4,PermanentCrop,Industrial,0.7966222763061523,0,0.0099024064838886,1.5176442502706775e-06,9.10458475118503e-05,0.0002371448208577,0.7966222763061523,0.0001492655574111,0.1368384659290313,0.0560025684535503,0.0001501007791375,5.201861768000526e-06
C:\Users\DELL Precision 5550\Documents\GitHub\Terrasight-Eurosat-RGB-vs-Multispectral\data\raw\multispectral\Forest\Forest_1229.tif,1,7,Forest,Residential,0.7958384156227112,0,3.6416242892300943e-06,0.1177021190524101,0.0860607475042343,5.466040238388814e-05,4.09448193749995e-06,3.3899432310136035e-05,0.0001892542786663,0.7958384156227112,2.776127757897484e-06,0.0001103652466554
C:\Users\DELL Precision 5550\Documents\GitHub\Terrasight-Eurosat-RGB-vs-Multispectral\data\raw\multispectral\AnnualCrop\AnnualCrop_2559.tif,0,2,AnnualCrop,HerbaceousVegetation,0.7886418700218201,0,0.1690947562456131,3.0749200959689915e-05,0.7886418700218201,0.0015454778913408,2.988295273098629e-05,0.0030373465269804,0.03726577013731,6.727929576300085e-05,0.0001532256574137,0.0001335197885055
C:\Users\DELL Precision 5550\Documents\GitHub\Terrasight-Eurosat-RGB-vs-Multispectral\data\raw\multispectral\AnnualCrop\AnnualCrop_1355.tif,0,6,AnnualCrop,PermanentCrop,0.7799273729324341,0,0.1648459881544113,9.217455226462334e-05,0.0346866846084594,0.0005013793124817,0.0012096143327653,0.0169919542968273,0.7799273729324341,0.0004501601797528,0.0011680020252242,0.0001266130420845
C:\Users\DELL Precision 5550\Documents\GitHub\Terrasight-Eurosat-RGB-vs-Multispectral\data\raw\multispectral\PermanentCrop\PermanentCrop_149.tif,6,0,PermanentCrop,AnnualCrop,0.7789114117622375,0,0.7789114117622375,0.0020120001863688,0.0445068851113319,0.0025213141925632,0.0016620380338281,0.0291575584560632,0.0433178171515464,0.0223606564104557,0.0016451893607154,0.0739049687981605
C:\Users\DELL Precision 5550\Documents\GitHub\Terrasight-Eurosat-RGB-vs-Multispectral\data\raw\multispectral\Pasture\Pasture_650.tif,5,0,Pasture,AnnualCrop,0.7768737077713013,0,0.7768737077713013,1.7520704204798676e-05,0.0001223453145939,0.0001327271020272,0.000171329404111,0.2093584984540939,0.0095256650820374,9.793754543352406e-06,0.0036978716962039,9.05168562894687e-05
C:\Users\DELL Precision 5550\Documents\GitHub\Terrasight-Eurosat-RGB-vs-Multispectral\data\raw\multispectral\Industrial\Industrial_1413.tif,4,6,Industrial,PermanentCrop,0.775057852268219,0,0.0018051534425467,2.6830481147044335e-05,0.0006800604169256,0.0153622813522815,0.1748638898134231,0.0029578013345599,0.775057852268219,0.0286149773746728,0.0005947782192379,3.630011269706301e-05
C:\Users\DELL Precision 5550\Documents\GitHub\Terrasight-Eurosat-RGB-vs-Multispectral\data\raw\multispectral\Residential\Residential_172.tif,7,4,Residential,Industrial,0.769324541091919,0,8.784878380296846e-11,2.9326371192572864e-11,1.5329892733007e-07,1.1996129387625842e-06,0.769324541091919,1.2214078359829014e-10,2.024176950499168e-07,0.2306739091873169,4.921297813709201e-10,2.556419798072085e-10
C:\Users\DELL Precision 5550\Documents\GitHub\Terrasight-Eurosat-RGB-vs-Multispectral\data\raw\multispectral\PermanentCrop\PermanentCrop_2216.tif,6,3,PermanentCrop,Highway,0.7688723206520081,0,0.0016959835775196,0.000159811170306,0.0017449922161176,0.7688723206520081,0.029597794637084,0.0457066111266613,0.1378351151943206,0.0116988951340317,0.0025860539171844,0.0001023408040055
C:\Users\DELL Precision 5550\Documents\GitHub\Terrasight-Eurosat-RGB-vs-Multispectral\data\raw\multispectral\Pasture\Pasture_782.tif,5,0,Pasture,AnnualCrop,0.7612241506576538,0,0.7612241506576538,0.0002593189419712,0.0100360345095396,0.0008371672593057,0.0008161318837665,0.0484260022640228,0.1770024001598358,0.0006686233682557,0.0003979643806815,0.0003322160919196
C:\Users\DELL Precision 5550\Documents\GitHub\Terrasight-Eurosat-RGB-vs-Multispectral\data\raw\multispectral\Forest\Forest_2124.tif,1,8,Forest,River,0.7609825134277344,0,0.000199148315005,0.2052639424800872,0.0095386616885662,0.0008000520174391,4.056016678077867e-06,0.0006304985727183,1.8834629372577183e-05,1.668000186327845e-05,0.7609825134277344,0.0225455947220325
C:\Users\DELL Precision 5550\Documents\GitHub\Terrasight-Eurosat-RGB-vs-Multispectral\data\raw\multispectral\HerbaceousVegetation\HerbaceousVegetation_80.tif,2,6,HerbaceousVegetation,PermanentCrop,0.7587887048721313,0,0.0003679520450532,7.053863100736635e-06,0.2391041219234466,3.571611159713939e-05,2.7180609322385862e-05,0.0016344834584742,0.7587887048721313,2.6986019292962737e-05,2.754146635197685e-06,5.016958311898634e-06
C:\Users\DELL Precision 5550\Documents\GitHub\Terrasight-Eurosat-RGB-vs-Multispectral\data\raw\multispectral\AnnualCrop\AnnualCrop_592.tif,0,5,AnnualCrop,Pasture,0.7552268505096436,0,0.2389651089906692,0.000127654406242,0.0001265949395019,0.0014901792164891,5.492683339980431e-05,0.7552268505096436,0.0003994410217273,2.4088527425192297e-05,0.0033491770736873,0.0002359463542234
C:\Users\DELL Precision 5550\Documents\GitHub\Terrasight-Eurosat-RGB-vs-Multispectral\data\raw\multispectral\Pasture\Pasture_458.tif,5,0,Pasture,AnnualCrop,0.7531318068504333,0,0.7531318068504333,8.318174309351889e-07,1.4752346942259464e-05,9.425124153494836e-05,3.8154736103024334e-05,0.2426709234714508,0.0039457818493247,5.284326107357629e-06,8.668741065775976e-05,1.1553659533092286e-05
C:\Users\DELL Precision 5550\Documents\GitHub\Terrasight-Eurosat-RGB-vs-Multispectral\data\raw\multispectral\PermanentCrop\PermanentCrop_164.tif,6,2,PermanentCrop,HerbaceousVegetation,0.750862181186676,0,1.0546770681685302e-05,1.014014742395375e-05,0.750862181186676,2.0108191165491007e-05,1.687110670900438e-05,0.0001898001501103,0.2488836348056793,3.571891056708409e-06,2.1274333903420484e-06,1.0413638165118757e-06
C:\Users\DELL Precision 5550\Documents\GitHub\Terrasight-Eurosat-RGB-vs-Multispectral\data\raw\multispectral\River\River_1881.tif,8,0,River,AnnualCrop,0.7478094100952148,0,0.7478094100952148,0.000324865017319,0.0146600315347313,0.0013825234491378,0.0013133133761584,0.0014932228950783,0.0570207126438617,0.0005287922685965,0.0099420826882123,0.1655250340700149
C:\Users\DELL Precision 5550\Documents\GitHub\Terrasight-Eurosat-RGB-vs-Multispectral\data\raw\multispectral\Pasture\Pasture_1653.tif,5,2,Pasture,HerbaceousVegetation,0.7441347241401672,0,0.0004886504029855,0.0436890237033367,0.7441347241401672,0.0006426923209801,5.125108873471618e-05,0.2057201117277145,0.0034003399778157,5.258048258838244e-05,0.001485982327722,0.0003346484736539
C:\Users\DELL Precision 5550\Documents\GitHub\Terrasight-Eurosat-RGB-vs-Multispectral\data\raw\multispectral\HerbaceousVegetation\HerbaceousVegetation_2669.tif,2,7,HerbaceousVegetation,Residential,0.7433084845542908,0,0.007249494548887,0.0004860451444983,0.1022717058658599,0.0075870943255722,0.0205571893602609,0.01778095215559,0.0961305499076843,0.7433084845542908,0.0004052368167322,0.0042232587002217
C:\Users\DELL Precision 5550\Documents\GitHub\Terrasight-Eurosat-RGB-vs-Multispectral\data\raw\multispectral\River\River_1366.tif,8,3,River,Highway,0.7385755181312561,0,6.407437467714772e-05,1.393499076129956e-07,0.0001031862339004,0.7385755181312561,3.6683221082967066e-07,1.3514051715901587e-05,3.3854053071991075e-06,1.0277300788175125e-07,0.2612307965755462,9.018565833684988e-06
C:\Users\DELL Precision 5550\Documents\GitHub\Terrasight-Eurosat-RGB-vs-Multispectral\data\raw\multispectral\Highway\Highway_2298.tif,3,4,Highway,Industrial,0.7379506230354309,0,0.0009136938606388,1.50433324961341e-05,0.0723169893026351,0.105839192867279,0.7379506230354309,0.0003395854728296,0.0808099582791328,0.0014885581331327,0.0002803072566166,4.611379335983656e-05
C:\Users\DELL Precision 5550\Documents\GitHub\Terrasight-Eurosat-RGB-vs-Multispectral\data\raw\multispectral\Forest\Forest_473.tif,1,8,Forest,River,0.7350300550460815,0,2.1422561985673383e-05,0.2569761574268341,0.0061292760074138,0.001525261090137,2.0590000531228725e-06,0.0002218834270024,1.4347548130899668e-05,4.81626921100542e-06,0.7350300550460815,7.476367318304256e-05
C:\Users\DELL Precision 5550\Documents\GitHub\Terrasight-Eurosat-RGB-vs-Multispectral\data\raw\multispectral\Pasture\Pasture_1759.tif,5,2,Pasture,HerbaceousVegetation,0.7267199158668518,0,0.0008131940267048,0.0008475566864944,0.7267199158668518,0.0002576543774921,1.832486486819107e-05,0.266889214515686,0.0042225527577102,5.020153912482783e-05,0.0001103254326153,7.101941446308047e-05
C:\Users\DELL Precision 5550\Documents\GitHub\Terrasight-Eurosat-RGB-vs-Multispectral\data\raw\multispectral\Highway\Highway_1655.tif,3,6,Highway,PermanentCrop,0.7260190844535828,0,0.0131453964859247,0.0001811213151086,0.059418499469757,0.1596168875694275,0.0009283631225116,0.0342739820480346,0.7260190844535828,0.0006298412336036,0.0055094519630074,0.0002774280437733
C:\Users\DELL Precision 5550\Documents\GitHub\Terrasight-Eurosat-RGB-vs-Multispectral\data\raw\multispectral\Pasture\Pasture_127.tif,5,0,Pasture,AnnualCrop,0.722400426864624,0,0.722400426864624,5.9060090279672295e-05,0.0005279803299345,0.004409129731357,0.0016337524866685,0.0156094301491975,0.2516998648643493,0.0002962287398986,0.0028988439589738,0.000465331308078
C:\Users\DELL Precision 5550\Documents\GitHub\Terrasight-Eurosat-RGB-vs-Multispectral\data\raw\multispectral\Pasture\Pasture_1413.tif,5,2,Pasture,HerbaceousVegetation,0.7207639813423157,0,0.0023548942990601,0.0023497838992625,0.7207639813423157,0.002250169403851,0.0001394649298163,0.2599339485168457,0.0086964694783091,8.92162715899758e-05,0.0032458808273077,0.0001761447347234
C:\Users\DELL Precision 5550\Documents\GitHub\Terrasight-Eurosat-RGB-vs-Multispectral\data\raw\multispectral\PermanentCrop\PermanentCrop_334.tif,6,2,PermanentCrop,HerbaceousVegetation,0.7171557545661926,0,0.033815324306488,0.0200926717370748,0.7171557545661926,0.0014352574944496,0.0034105966333299,0.0022201621904969,0.2041940540075302,0.0058819805271923,0.0025635727215558,0.0092306984588503
C:\Users\DELL Precision 5550\Documents\GitHub\Terrasight-Eurosat-RGB-vs-Multispectral\data\raw\multispectral\Forest\Forest_2377.tif,1,2,Forest,HerbaceousVegetation,0.7146450877189636,0,0.0019866125658154,0.0383674427866935,0.7146450877189636,0.0003282587858848,4.570998135022819e-05,0.2396200448274612,0.0040563903748989,0.000380423705792,0.0002320746716577,0.0003379196859896
C:\Users\DELL Precision 5550\Documents\GitHub\Terrasight-Eurosat-RGB-vs-Multispectral\data\raw\multispectral\AnnualCrop\AnnualCrop_1448.tif,0,2,AnnualCrop,HerbaceousVegetation,0.7046291828155518,0,0.2063869088888168,0.0001546744024381,0.7046291828155518,0.0006034440011717,0.0003300733806099,0.0062451213598251,0.0798431560397148,0.0008817440830171,0.0003831884241662,0.0005425852723419
C:\Users\DELL Precision 5550\Documents\GitHub\Terrasight-Eurosat-RGB-vs-Multispectral\data\raw\multispectral\HerbaceousVegetation\HerbaceousVegetation_1757.tif,2,6,HerbaceousVegetation,PermanentCrop,0.700348436832428,0,0.0008607747149653,7.115977496141568e-05,0.2941301465034485,0.000103758276964,0.0031625602860003,0.0001572152687003,0.700348436832428,0.0009232144802808,7.864453436923213e-06,0.0002349194401176
C:\Users\DELL Precision 5550\Documents\GitHub\Terrasight-Eurosat-RGB-vs-Multispectral\data\raw\multispectral\HerbaceousVegetation\HerbaceousVegetation_2703.tif,2,1,HerbaceousVegetation,Forest,0.7002955675125122,0,1.1379428542568348e-05,0.7002955675125122,0.2973131239414215,0.0006535301217809,3.071543324040249e-05,0.000140615782584,0.0002191239618696,0.0001219564364873,0.0001730724179651,0.0010409841779619
C:\Users\DELL Precision 5550\Documents\GitHub\Terrasight-Eurosat-RGB-vs-Multispectral\data\raw\multispectral\Pasture\Pasture_1476.tif,5,0,Pasture,AnnualCrop,0.7000688910484314,0,0.7000688910484314,3.2189025660045445e-05,9.06971181393601e-05,0.0013626110740005,4.8190060624619946e-05,0.2970979809761047,0.0007976698107086,2.917764322774019e-05,0.0003228334535378,0.0001496957993367
C:\Users\DELL Precision 5550\Documents\GitHub\Terrasight-Eurosat-RGB-vs-Multispectral\data\raw\multispectral\Pasture\Pasture_1831.tif,5,2,Pasture,HerbaceousVegetation,0.6995279788970947,0,0.0033842755947262,0.0168329831212759,0.6995279788970947,0.0001778073929017,2.260636574646924e-05,0.2774114906787872,0.0017932916525751,0.0002202599571319,0.0001204605650855,0.0005088084144517
C:\Users\DELL Precision 5550\Documents\GitHub\Terrasight-Eurosat-RGB-vs-Multispectral\data\raw\multispectral\AnnualCrop\AnnualCrop_1592.tif,0,6,AnnualCrop,PermanentCrop,0.6991404891014099,0,0.2709448039531708,5.105273885419592e-05,0.0203742012381553,0.0009010724606923,0.0021387850865721,0.0057325302623212,0.6991404891014099,0.0003695039777085,0.000133061024826,0.0002145136822946
C:\Users\DELL Precision 5550\Documents\GitHub\Terrasight-Eurosat-RGB-vs-Multispectral\data\raw\multispectral\Pasture\Pasture_429.tif,5,6,Pasture,PermanentCrop,0.6984894871711731,0,0.1286645680665969,2.563815769462962e-06,7.7093078289181e-05,0.0021802724804729,0.0003845476603601,0.169977381825447,0.6984894871711731,1.7585218301974237e-05,0.000195974309463,1.059747319231974e-05
C:\Users\DELL Precision 5550\Documents\GitHub\Terrasight-Eurosat-RGB-vs-Multispectral\data\raw\multispectral\Pasture\Pasture_1458.tif,5,0,Pasture,AnnualCrop,0.6983708739280701,0,0.6983708739280701,1.1676690519379918e-05,7.576066855108365e-05,0.0001564317353768,4.19568495999556e-05,0.2988399565219879,0.002298861509189,1.9550414435798306e-05,0.0001090363948605,7.590161840198562e-05
C:\Users\DELL Precision 5550\Documents\GitHub\Terrasight-Eurosat-RGB-vs-Multispectral\data\raw\multispectral\AnnualCrop\AnnualCrop_979.tif,0,6,AnnualCrop,PermanentCrop,0.6981126070022583,0,0.2739115953445434,0.0001336846908088,0.0072357566095888,0.0003377102548256,0.0013707540929317,0.0172278881072998,0.6981126070022583,0.0013820775784552,0.0001620054827071,0.0001259985438082
C:\Users\DELL Precision 5550\Documents\GitHub\Terrasight-Eurosat-RGB-vs-Multispectral\data\raw\multispectral\Highway\Highway_582.tif,3,8,Highway,River,0.6980471014976501,0,0.0852781906723976,0.0001590481115272,0.0029010016005486,0.1705724745988845,0.0009839221602305,0.034738402813673,0.0061625880189239,0.0002084470470435,0.6980471014976501,0.0009488129871897
C:\Users\DELL Precision 5550\Documents\GitHub\Terrasight-Eurosat-RGB-vs-Multispectral\data\raw\multispectral\Pasture\Pasture_1280.tif,5,0,Pasture,AnnualCrop,0.6980106830596924,0,0.6980106830596924,2.648141889949329e-05,9.31316099013202e-05,0.0009719239897094,0.000526318559423,0.2931579947471618,0.0048036240041255,2.8259253667783923e-05,0.0021599412430077,0.0002217484143329
C:\Users\DELL Precision 5550\Documents\GitHub\Terrasight-Eurosat-RGB-vs-Multispectral\data\raw\multispectral\HerbaceousVegetation\HerbaceousVegetation_2534.tif,2,7,HerbaceousVegetation,Residential,0.695583164691925,0,5.347562182578258e-05,0.0002493379288353,0.2618538737297058,1.4880946764606053e-05,0.0002154354442609,0.0001069888312486,0.0418637469410896,0.695583164691925,9.326224699179876e-07,5.815917029394768e-05
C:\Users\DELL Precision 5550\Documents\GitHub\Terrasight-Eurosat-RGB-vs-Multispectral\data\raw\multispectral\Highway\Highway_2379.tif,3,6,Highway,PermanentCrop,0.6953176259994507,0,0.0005002857069484,4.92259687234764e-06,0.0110447239130735,0.2908218502998352,0.0011031032772734,0.0005737174069508,0.6953176259994507,0.0002801253285724,0.0003279281663708,2.5650022507761605e-05
C:\Users\DELL Precision 5550\Documents\GitHub\Terrasight-Eurosat-RGB-vs-Multispectral\data\raw\multispectral\AnnualCrop\AnnualCrop_2070.tif,0,6,AnnualCrop,PermanentCrop,0.689481794834137,0,0.3094588816165924,2.676852162153409e-08,4.5927281462354586e-05,3.807091343333013e-05,0.000825181545224,0.0001280779106309,0.689481794834137,7.184855235209398e-07,2.097996912198141e-05,2.955736420062749e-07
C:\Users\DELL Precision 5550\Documents\GitHub\Terrasight-Eurosat-RGB-vs-Multispectral\data\raw\multispectral\AnnualCrop\AnnualCrop_2963.tif,0,6,AnnualCrop,PermanentCrop,0.6892991065979004,0,0.3096254169940948,2.1731320885010064e-06,0.0002081913844449,6.595490413019434e-05,0.0003742444678209,0.0003644801035989,0.6892991065979004,3.032980748685077e-05,2.30301284318557e-05,7.12078553988249e-06
C:\Users\DELL Precision 5550\Documents\GitHub\Terrasight-Eurosat-RGB-vs-Multispectral\data\raw\multispectral\Industrial\Industrial_1787.tif,4,3,Industrial,Highway,0.6848932504653931,0,0.0021051890216767,1.878557122836355e-05,0.0091536724939942,0.6848932504653931,0.2060272395610809,0.0005408021388575,0.0929553434252739,0.001296387403272,0.00290741561912,0.0001019629853544
C:\Users\DELL Precision 5550\Documents\GitHub\Terrasight-Eurosat-RGB-vs-Multispectral\data\raw\multispectral\PermanentCrop\PermanentCrop_1843.tif,6,7,PermanentCrop,Residential,0.6819218397140503,0,0.0002067961322609,0.0016833600820973,0.2635911703109741,5.486140071297996e-05,0.0004357272700872,0.0001725039182929,0.0518068671226501,0.6819218397140503,4.478692972043064e-06,0.0001225196174345
C:\Users\DELL Precision 5550\Documents\GitHub\Terrasight-Eurosat-RGB-vs-Multispectral\data\raw\multispectral\AnnualCrop\AnnualCrop_104.tif,0,6,AnnualCrop,PermanentCrop,0.6817964315414429,0,0.3042357861995697,1.95845277630724e-05,0.0045464448630809,0.0006102459738031,0.0062082558870315,0.0008807094418443,0.6817964315414429,0.0015057940036058,0.0001354042906314,6.128976383479312e-05
C:\Users\DELL Precision 5550\Documents\GitHub\Terrasight-Eurosat-RGB-vs-Multispectral\data\raw\multispectral\PermanentCrop\PermanentCrop_679.tif,6,0,PermanentCrop,AnnualCrop,0.6811032295227051,0,0.6811032295227051,1.2128361049690284e-05,0.0273098368197679,0.000585725705605,0.0032905826810747,0.0002563495363574,0.2850439846515655,0.0011130236089229,7.002431084401906e-05,0.0012151428963989
C:\Users\DELL Precision 5550\Documents\GitHub\Terrasight-Eurosat-RGB-vs-Multispectral\data\raw\multispectral\Highway\Highway_1445.tif,3,6,Highway,PermanentCrop,0.6809533834457397,0,0.1665935963392257,1.4255348332881113e-06,0.0002708729007281,0.1481645852327346,0.0018842146964743,0.0005184865440241,0.6809533834457397,9.717882494442164e-05,0.0014746162341907,4.166809958405793e-05
C:\Users\DELL Precision 5550\Documents\GitHub\Terrasight-Eurosat-RGB-vs-Multispectral\data\raw\multispectral\Highway\Highway_1348.tif,3,6,Highway,PermanentCrop,0.677767276763916,0,0.000256331579294,2.63484821516613e-07,0.1512082517147064,0.1682561039924621,0.0024369622115045,3.4875272376666544e-06,0.677767276763916,6.024743561283685e-05,5.315886937751202e-06,5.716313353332225e-06
C:\Users\DELL Precision 5550\Documents\GitHub\Terrasight-Eurosat-RGB-vs-Multispectral\data\raw\multispectral\River\River_1770.tif,8,3,River,Highway,0.6768978238105774,0,0.005180618725717,0.0001101233210647,0.0355556048452854,0.6768978238105774,0.0001750138762872,0.0020994618535041,0.0032852322328835,4.163649282418192e-05,0.2760993540287018,0.0005550738424062
C:\Users\DELL Precision 5550\Documents\GitHub\Terrasight-Eurosat-RGB-vs-Multispectral\data\raw\multispectral\Forest\Forest_2717.tif,1,8,Forest,River,0.674004852771759,0,3.180724661433487e-06,0.325297087430954,2.698803655221127e-05,3.448002826189622e-05,7.57627471870137e-09,5.277887248666957e-05,5.544615788721786e-08,6.770096661057323e-08,0.674004852771759,0.000580416759476
C:\Users\DELL Precision 5550\Documents\GitHub\Terrasight-Eurosat-RGB-vs-Multispectral\data\raw\multispectral\Pasture\Pasture_151.tif,5,2,Pasture,HerbaceousVegetation,0.6738247275352478,0,0.0023997861426323,0.016573054715991,0.6738247275352478,5.624487675959245e-05,9.460868568567092e-06,0.3045712411403656,0.0009127334342338,0.0001018921757349,0.0001156512662419,0.0014352432917803
C:\Users\DELL Precision 5550\Documents\GitHub\Terrasight-Eurosat-RGB-vs-Multispectral\data\raw\multispectral\Highway\Highway_14.tif,3,4,Highway,Industrial,0.6664862036705017,0,0.0001074750180123,6.189332907524658e-06,0.0009353575878776,0.3224635124206543,0.6664862036705017,2.071655762847513e-05,0.0003185301611665,0.0087138246744871,0.0009008522611111,4.729493593913503e-05
C:\Users\DELL Precision 5550\Documents\GitHub\Terrasight-Eurosat-RGB-vs-Multispectral\data\raw\multispectral\PermanentCrop\PermanentCrop_293.tif,6,4,PermanentCrop,Industrial,0.6655645370483398,0,0.0006764421705156,2.0150286218267865e-05,0.0042729331180453,0.0048800776712596,0.6655645370483398,0.000357787386747,0.2549439668655395,0.0691361054778099,0.0001232901850016,2.476816916896496e-05
C:\Users\DELL Precision 5550\Documents\GitHub\Terrasight-Eurosat-RGB-vs-Multispectral\data\raw\multispectral\AnnualCrop\AnnualCrop_1969.tif,0,6,AnnualCrop,PermanentCrop,0.6649515628814697,0,0.3342988789081573,2.183822118695389e-07,7.683690637350082e-05,0.0001255275128642,0.0001515274780103,0.0003765658766496,0.6649515628814697,3.883281806338346e-06,1.3850566574546974e-05,1.153741209236614e-06
C:\Users\DELL Precision 5550\Documents\GitHub\Terrasight-Eurosat-RGB-vs-Multispectral\data\raw\multispectral\River\River_895.tif,8,4,River,Industrial,0.6586655974388123,0,0.0015477911802008,0.0034185999538749,0.2050729691982269,0.0164109095931053,0.6586655974388123,0.0006640753126703,0.0079456297680735,0.0025231598410755,0.0962762385606765,0.0074750701896846
C:\Users\DELL Precision 5550\Documents\GitHub\Terrasight-Eurosat-RGB-vs-Multispectral\data\raw\multispectral\HerbaceousVegetation\HerbaceousVegetation_1462.tif,2,6,HerbaceousVegetation,PermanentCrop,0.6586520075798035,0,4.656274177250452e-05,4.659570549847558e-05,0.3402512371540069,4.695605457527563e-05,0.0005672186962328,0.0001031551146297,0.6586520075798035,0.0002257325977552,2.560391749284463e-06,5.794810203951784e-05
C:\Users\DELL Precision 5550\Documents\GitHub\Terrasight-Eurosat-RGB-vs-Multispectral\data\raw\multispectral\AnnualCrop\AnnualCrop_1968.tif,0,2,AnnualCrop,HerbaceousVegetation,0.6562235355377197,0,0.1042763367295265,0.000776047760155,0.6562235355377197,0.0398471541702747,0.0646009221673011,0.0238512568175792,0.0921711921691894,0.0014084529830142,0.0144730964675545,0.0023720238823443
C:\Users\DELL Precision 5550\Documents\GitHub\Terrasight-Eurosat-RGB-vs-Multispectral\data\raw\multispectral\Industrial\Industrial_1702.tif,4,3,Industrial,Highway,0.6560816168785095,0,0.0011703829513862,0.0012842310825362,0.0461169742047786,0.6560816168785095,0.2276441156864166,0.0010533560998737,0.0290944185107946,0.0346342772245407,0.0022264861036092,0.0006940872408449
C:\Users\DELL Precision 5550\Documents\GitHub\Terrasight-Eurosat-RGB-vs-Multispectral\data\raw\multispectral\AnnualCrop\AnnualCrop_2385.tif,0,6,AnnualCrop,PermanentCrop,0.6498453617095947,0,0.3465418815612793,1.3838312895586569e-07,5.371668976295041e-06,0.0001003743236651,0.001817601500079,0.0016021142946556,0.6498453617095947,4.05974742534454e-06,8.246281504398212e-05,7.430424489029974e-07
C:\Users\DELL Precision 5550\Documents\GitHub\Terrasight-Eurosat-RGB-vs-Multispectral\data\raw\multispectral\Forest\Forest_1736.tif,1,2,Forest,HerbaceousVegetation,0.6492948532104492,0,3.003836354764644e-05,0.3465780019760132,0.6492948532104492,0.0003994301368948,7.116168853826821e-05,0.0007583669503219,0.0014702049084007,7.96014501247555e-05,0.0010551615850999,0.0002632687683217
C:\Users\DELL Precision 5550\Documents\GitHub\Terrasight-Eurosat-RGB-vs-Multispectral\data\raw\multispectral\Highway\Highway_2041.tif,3,8,Highway,River,0.6492683291435242,0,0.0012457055272534,1.841733933360956e-06,0.001708431285806,0.3466481268405914,6.332391785690561e-05,0.0005429601296782,0.0004579795349854,4.660291324398713e-06,0.6492683291435242,5.867854270036332e-05
C:\Users\DELL Precision 5550\Documents\GitHub\Terrasight-Eurosat-RGB-vs-Multispectral\data\raw\multispectral\Forest\Forest_4.tif,1,4,Forest,Industrial,0.6476480960845947,0,0.0069397990591824,0.0054077291861176,0.0102113652974367,0.057810291647911,0.6476480960845947,0.0089735416695475,0.0038906475529074,0.1958018243312835,0.0600299835205078,0.0032867877744138
C:\Users\DELL Precision 5550\Documents\GitHub\Terrasight-Eurosat-RGB-vs-Multispectral\data\raw\multispectral\Industrial\Industrial_1213.tif,4,6,Industrial,PermanentCrop,0.6379427313804626,0,0.0011479086242616,0.0002053367934422,0.0832890793681144,0.0008015062194317,0.0274916999042034,0.0013058779295533,0.6379427313804626,0.247580736875534,5.988506018184125e-05,0.0001752393582137
C:\Users\DELL Precision 5550\Documents\GitHub\Terrasight-Eurosat-RGB-vs-Multispectral\data\raw\multispectral\PermanentCrop\PermanentCrop_2273.tif,6,2,PermanentCrop,HerbaceousVegetation,0.6335048079490662,0,0.0879715457558631,0.0127140693366527,0.6335048079490662,0.0191990733146667,0.0018972184043377,0.0031945428345352,0.1553467065095901,0.0693655088543891,0.0018049512291327,0.0150015763938426
C:\Users\DELL Precision 5550\Documents\GitHub\Terrasight-Eurosat-RGB-vs-Multispectral\data\raw\multispectral\HerbaceousVegetation\HerbaceousVegetation_2965.tif,2,1,HerbaceousVegetation,Forest,0.629936158657074,0,0.000566549017094,0.629936158657074,0.350402683019638,0.0003816678654402,0.0001523797836853,0.0036450310144573,0.0042901700362563,0.0023550533223897,0.000820307934191,0.007450059056282
C:\Users\DELL Precision 5550\Documents\GitHub\Terrasight-Eurosat-RGB-vs-Multispectral\data\raw\multispectral\HerbaceousVegetation\HerbaceousVegetation_2236.tif,2,6,HerbaceousVegetation,PermanentCrop,0.62897127866745,0,0.0002065415174001,0.0001421336783096,0.2963500022888183,4.949853610014543e-05,0.0018038863781839,0.0003916565910913,0.62897127866745,0.07200288772583,4.929227543470915e-06,7.713684317423031e-05
C:\Users\DELL Precision 5550\Documents\GitHub\Terrasight-Eurosat-RGB-vs-Multispectral\data\raw\multispectral\PermanentCrop\PermanentCrop_1455.tif,6,4,PermanentCrop,Industrial,0.6260467171669006,0,0.0014695032732561,7.568669389002025e-06,0.0005121842841617,0.1176569461822509,0.6260467171669006,0.0007273514056578,0.2443533837795257,0.0067915651015937,0.0024069841019809,2.7797454094979912e-05
C:\Users\DELL Precision 5550\Documents\GitHub\Terrasight-Eurosat-RGB-vs-Multispectral\data\raw\multispectral\PermanentCrop\PermanentCrop_406.tif,6,2,PermanentCrop,HerbaceousVegetation,0.621605396270752,0,0.0006355993682518,0.0001210096525028,0.621605396270752,0.004767186474055,0.0170488394796848,8.66927657625638e-05,0.3544538021087646,0.0010608158772811,7.30593892512843e-05,0.0001475589670008
C:\Users\DELL Precision 5550\Documents\GitHub\Terrasight-Eurosat-RGB-vs-Multispectral\data\raw\multispectral\Highway\Highway_753.tif,3,4,Highway,Industrial,0.6119846105575562,0,0.0030160979367792,0.0003370106569491,0.0033335974439978,0.3268410265445709,0.6119846105575562,0.0117566939443349,0.0071551692672073,0.006196214351803,0.0279643852263689,0.0014151475625112
C:\Users\DELL Precision 5550\Documents\GitHub\Terrasight-Eurosat-RGB-vs-Multispectral\data\raw\multispectral\AnnualCrop\AnnualCrop_1859.tif,0,2,AnnualCrop,HerbaceousVegetation,0.610415518283844,0,0.294287621974945,9.986463555833323e-05,0.610415518283844,0.0099352058023214,0.001592357060872,0.0016288467450067,0.0770016983151435,0.0003031220985576,0.0023369030095636,0.0023989372421056
C:\Users\DELL Precision 5550\Documents\GitHub\Terrasight-Eurosat-RGB-vs-Multispectral\data\raw\multispectral\Highway\Highway_2230.tif,3,8,Highway,River,0.6092243790626526,0,8.470131433568895e-05,5.636644573314697e-07,3.0719031201442704e-05,0.3905494511127472,2.3265001800609756e-05,4.70904960820917e-05,6.495324669231195e-06,3.3369096854585223e-06,0.6092243790626526,3.005227335961536e-05
C:\Users\DELL Precision 5550\Documents\GitHub\Terrasight-Eurosat-RGB-vs-Multispectral\data\raw\multispectral\PermanentCrop\PermanentCrop_982.tif,6,2,PermanentCrop,HerbaceousVegetation,0.6074391603469849,0,0.0086155738681554,0.0010065995156764,0.6074391603469849,0.0002348073176108,4.676642129197717e-05,0.3721767961978912,0.0096478760242462,9.377145033795388e-05,0.0004089937137905,0.0003295668866485
C:\Users\DELL Precision 5550\Documents\GitHub\Terrasight-Eurosat-RGB-vs-Multispectral\data\raw\multispectral\River\River_479.tif,8,3,River,Highway,0.6045393347740173,0,0.0007037523319013,1.0086787369800732e-05,0.0007885472150519,0.6045393347740173,9.18685327633284e-05,0.0006297251093201,0.000756487075705,1.1192903002665844e-05,0.3923772871494293,9.17058059712872e-05
C:\Users\DELL Precision 5550\Documents\GitHub\Terrasight-Eurosat-RGB-vs-Multispectral\data\raw\multispectral\HerbaceousVegetation\HerbaceousVegetation_656.tif,2,1,HerbaceousVegetation,Forest,0.6036893129348755,0,4.824758434551768e-05,0.6036893129348755,0.3911537528038025,0.0007304260507225,8.452925249002874e-05,0.0005218288279138,0.001024711295031,0.0016321472357958,0.0003069951781071,0.0008079807157628
C:\Users\DELL Precision 5550\Documents\GitHub\Terrasight-Eurosat-RGB-vs-Multispectral\data\raw\multispectral\Industrial\Industrial_1304.tif,4,7,Industrial,Residential,0.6018958687782288,0,2.933386156200868e-07,2.980810487329677e-09,6.297216896200553e-05,0.0003589365805964,0.3976342976093292,2.52068392825322e-08,4.747241109726019e-05,0.6018958687782288,8.126414030584783e-08,8.385045902059575e-08
C:\Users\DELL Precision 5550\Documents\GitHub\Terrasight-Eurosat-RGB-vs-Multispectral\data\raw\multispectral\Residential\Residential_2496.tif,7,4,Residential,Industrial,0.6016349196434021,0,7.662150892429054e-06,3.391196798929741e-07,0.0008551653008908,0.0001494711759733,0.6016349196434021,2.762907797659864e-06,0.0113286785781383,0.3860180675983429,1.259063537872862e-06,1.6193591818591813e-06
C:\Users\DELL Precision 5550\Documents\GitHub\Terrasight-Eurosat-RGB-vs-Multispectral\data\raw\multispectral\Industrial\Industrial_2360.tif,4,7,Industrial,Residential,0.5996569991111755,0,7.4021586442540865e-06,1.3651297194883227e-06,0.0007736848783679,0.0003984070208389,0.3984486758708954,4.72616284241667e-06,0.000701573328115,0.5996569991111755,3.37927622240386e-06,3.8290099837468006e-06
C:\Users\DELL Precision 5550\Documents\GitHub\Terrasight-Eurosat-RGB-vs-Multispectral\data\raw\multispectral\Forest\Forest_1655.tif,1,6,Forest,PermanentCrop,0.5990099906921387,0,0.0083185788244009,0.0287269540131092,0.0009056669659912,0.0006077826838009,0.002863478148356,0.0115032885223627,0.5990099906921387,0.3464525043964386,0.0011812095763161,0.0004305629990994
C:\Users\DELL Precision 5550\Documents\GitHub\Terrasight-Eurosat-RGB-vs-Multispectral\data\raw\multispectral\HerbaceousVegetation\HerbaceousVegetation_1619.tif,2,1,HerbaceousVegetation,Forest,0.5964357852935791,0,6.202133226906881e-05,0.5964357852935791,0.3989987373352051,0.000182912001037,2.65778653556481e-05,0.0025771895889192,0.0010446670930832,0.0001129665324697,0.0001907680707518,0.0003682734386529
C:\Users\DELL Precision 5550\Documents\GitHub\Terrasight-Eurosat-RGB-vs-Multispectral\data\raw\multispectral\HerbaceousVegetation\HerbaceousVegetation_2740.tif,2,6,HerbaceousVegetation,PermanentCrop,0.5957852602005005,0,0.0070614474825561,0.0003615141904447,0.3842557668685913,0.0005418768269009,0.0005466411239467,0.0097086299210786,0.5957852602005005,0.0014268549857661,0.0001310152001678,0.0001809261884773
C:\Users\DELL Precision 5550\Documents\GitHub\Terrasight-Eurosat-RGB-vs-Multispectral\data\raw\multispectral\Industrial\Industrial_1044.tif,4,7,Industrial,Residential,0.5957119464874268,0,6.398269647434063e-07,3.7553608223106494e-08,1.9939467165386304e-05,0.0003144039073958,0.4037840962409973,5.078476874587068e-07,0.0001675334351602,0.5957119464874268,7.580885039715213e-07,1.6122774582072452e-07
C:\Users\DELL Precision 5550\Documents\GitHub\Terrasight-Eurosat-RGB-vs-Multispectral\data\raw\multispectral\PermanentCrop\PermanentCrop_918.tif,6,2,PermanentCrop,HerbaceousVegetation,0.5951777100563049,0,0.0015458218986168,0.0776992812752723,0.5951777100563049,2.70525360974716e-05,0.0001357496075797,0.0005011781468056,0.251882791519165,0.0645631030201911,3.968929377151653e-05,0.0084276236593723
C:\Users\DELL Precision 5550\Documents\GitHub\Terrasight-Eurosat-RGB-vs-Multispectral\data\raw\multispectral\Industrial\Industrial_431.tif,4,7,Industrial,Residential,0.5924115777015686,0,0.0012140793260186,0.0001367643853882,0.0217588860541582,0.0611288882791996,0.1404794007539749,0.0009090047096833,0.1815570443868637,0.5924115777015686,0.0001234378432855,0.0002810012374538
C:\Users\DELL Precision 5550\Documents\GitHub\Terrasight-Eurosat-RGB-vs-Multispectral\data\raw\multispectral\HerbaceousVegetation\HerbaceousVegetation_2042.tif,2,6,HerbaceousVegetation,PermanentCrop,0.5922045707702637,0,0.0019050858682021,3.5666354960994795e-05,0.4020143151283264,0.0002245167852379,0.0029104703571647,2.515268533898052e-05,0.5922045707702637,0.0005031208856962,7.010527951933909e-06,0.0001700310531305
C:\Users\DELL Precision 5550\Documents\GitHub\Terrasight-Eurosat-RGB-vs-Multispectral\data\raw\multispectral\Industrial\Industrial_1466.tif,4,7,Industrial,Residential,0.5914281606674194,0,9.886380576062948e-05,1.092722322937334e-05,0.0037219957448542,0.0018275536131113,0.3679022789001465,4.324612018535845e-05,0.0349353067576885,0.5914281606674194,1.2985919056518467e-05,1.865860758698545e-05
C:\Users\DELL Precision 5550\Documents\GitHub\Terrasight-Eurosat-RGB-vs-Multispectral\data\raw\multispectral\Forest\Forest_2260.tif,1,2,Forest,HerbaceousVegetation,0.5820305347442627,0,1.7670916349743493e-05,0.4152982831001282,0.5820305347442627,0.0002610683150123,0.0001335868873866,0.0001145487694884,0.0006757504306733,0.0011063367128372,0.0001725349866319,0.0001897074253065
C:\Users\DELL Precision 5550\Documents\GitHub\Terrasight-Eurosat-RGB-vs-Multispectral\data\raw\multispectral\Residential\Residential_1896.tif,7,2,Residential,HerbaceousVegetation,0.5798349380493164,0,1.6353917089872994e-05,6.674758878943976e-06,0.5798349380493164,1.7306972495134687e-06,5.35285216756165e-05,1.33166724936018e-06,0.017662139609456,0.4023865759372711,2.7423865844866668e-08,3.679445580928586e-05
C:\Users\DELL Precision 5550\Documents\GitHub\Terrasight-Eurosat-RGB-vs-Multispectral\data\raw\multispectral\HerbaceousVegetation\HerbaceousVegetation_2749.tif,2,7,HerbaceousVegetation,Residential,0.5780863165855408,0,0.0002297561150044,0.0027572363615036,0.4120615124702453,2.4720044166315347e-05,9.83198406174779e-05,5.132879960001446e-05,0.0060054906643927,0.5780863165855408,6.684129402856343e-06,0.0006785906734876
C:\Users\DELL Precision 5550\Documents\GitHub\Terrasight-Eurosat-RGB-vs-Multispectral\data\raw\multispectral\PermanentCrop\PermanentCrop_2279.tif,6,2,PermanentCrop,HerbaceousVegetation,0.5767494440078735,0,0.0011342971120029,0.000131578563014,0.5767494440078735,0.0002258411841467,0.0006415569223463,0.0007338485447689,0.4194949269294739,0.0006657449994236,1.5012212315923534e-05,0.0002078022225759
C:\Users\DELL Precision 5550\Documents\GitHub\Terrasight-Eurosat-RGB-vs-Multispectral\data\raw\multispectral\HerbaceousVegetation\HerbaceousVegetation_1419.tif,2,1,HerbaceousVegetation,Forest,0.5755946040153503,0,2.7564254196477123e-05,0.5755946040153503,0.4147948622703552,0.0001861246564658,6.3413745010620914e-06,0.0086271287873387,0.0004917384940199,7.184530113590881e-05,5.9877365856664255e-05,0.000139999523526
C:\Users\DELL Precision 5550\Documents\GitHub\Terrasight-Eurosat-RGB-vs-Multispectral\data\raw\multispectral\HerbaceousVegetation\HerbaceousVegetation_294.tif,2,6,HerbaceousVegetation,PermanentCrop,0.5751161575317383,0,0.0002278815518366,5.11339312652126e-05,0.3121569752693176,0.1096959710121154,0.0009496224229224,0.0014100871048867,0.5751161575317383,0.0003169375413563,5.523310392163694e-05,1.996537685045041e-05
C:\Users\DELL Precision 5550\Documents\GitHub\Terrasight-Eurosat-RGB-vs-Multispectral\data\raw\multispectral\PermanentCrop\PermanentCrop_1677.tif,6,3,PermanentCrop,Highway,0.5664098858833313,0,0.0058842846192419,0.0004639117687474,0.2009277492761612,0.5664098858833313,0.0048995902761816,0.0001461519568692,0.0522202588617801,0.1674476861953735,0.0007266183383762,0.0008738263277336
C:\Users\DELL Precision 5550\Documents\GitHub\Terrasight-Eurosat-RGB-vs-Multispectral\data\raw\multispectral\River\River_661.tif,8,0,River,AnnualCrop,0.5650569796562195,0,0.5650569796562195,4.618210732587613e-05,0.0033661753404885,0.0086082620546221,0.0017725620418787,0.0006866872427053,0.0023749154061079,6.784589641029015e-05,0.4154811203479767,0.0025393296964466
C:\Users\DELL Precision 5550\Documents\GitHub\Terrasight-Eurosat-RGB-vs-Multispectral\data\raw\multispectral\Forest\Forest_869.tif,1,8,Forest,River,0.5649725794792175,0,0.0001059307323885,0.4314232170581817,0.0015497396234422,0.0009464428876526,6.648133421549574e-05,0.0004632268392015,3.685986666823737e-05,8.678263111505657e-05,0.5649725794792175,0.0003487158683128
C:\Users\DELL Precision 5550\Documents\GitHub\Terrasight-Eurosat-RGB-vs-Multispectral\data\raw\multispectral\River\River_786.tif,8,3,River,Highway,0.5634207725524902,0,3.467421993263997e-05,1.856156927715347e-06,2.0161935026408173e-05,0.5634207725524902,4.05335558752995e-05,0.0003099226159974,7.129385630832985e-05,1.1774603990488686e-05,0.4360620081424713,2.7140760721522383e-05
C:\Users\DELL Precision 5550\Documents\GitHub\Terrasight-Eurosat-RGB-vs-Multispectral\data\raw\multispectral\Pasture\Pasture_1728.tif,5,2,Pasture,HerbaceousVegetation,0.562426745891571,0,0.0001887523394543,0.0043808748014271,0.562426745891571,4.37075286754407e-05,2.8941747586941347e-05,0.4254506826400757,0.0056065036915242,0.0016565651167184,5.5042495660018176e-05,0.0001621208211872
C:\Users\DELL Precision 5550\Documents\GitHub\Terrasight-Eurosat-RGB-vs-Multispectral\data\raw\multispectral\Highway\Highway_831.tif,3,6,Highway,PermanentCrop,0.5597044229507446,0,0.0064090029336512,1.970969151443569e-06,0.000218774395762,0.3298447728157043,0.0294503197073936,0.0698871463537216,0.5597044229507446,0.0011010685702785,0.0033734750468283,9.108177437155971e-06
C:\Users\DELL Precision 5550\Documents\GitHub\Terrasight-Eurosat-RGB-vs-Multispectral\data\raw\multispectral\River\River_1701.tif,8,3,River,Highway,0.5591371059417725,0,0.0045449044555425,2.441864307911601e-05,0.0019220786634832,0.5591371059417725,0.0005835294141434,0.0031914776191115,0.0015145954675972,6.177948671393096e-05,0.428765594959259,0.0002544769959058
C:\Users\DELL Precision 5550\Documents\GitHub\Terrasight-Eurosat-RGB-vs-Multispectral\data\raw\multispectral\Forest\Forest_518.tif,1,2,Forest,HerbaceousVegetation,0.5590198040008545,0,0.0001166334477602,0.4279324412345886,0.5590198040008545,0.0001475574972573,8.395915210712701e-05,0.0023868062999099,0.002571064280346,0.0061476789414882,0.000124237514683,0.0014698292361572
C:\Users\DELL Precision 5550\Documents\GitHub\Terrasight-Eurosat-RGB-vs-Multispectral\data\raw\multispectral\AnnualCrop\AnnualCrop_540.tif,0,6,AnnualCrop,PermanentCrop,0.5585669875144958,0,0.4246114790439605,6.571977337443968e-06,0.0018204137450084,0.0021246676333248,0.0068693440407514,0.0030150678940117,0.5585669875144958,0.0001068491037585,0.0028106512036174,6.789902545278892e-05
C:\Users\DELL Precision 5550\Documents\GitHub\Terrasight-Eurosat-RGB-vs-Multispectral\data\raw\multispectral\Pasture\Pasture_1766.tif,5,0,Pasture,AnnualCrop,0.5491871237754822,0,0.5491871237754822,0.0011483911657705,0.00776176340878,0.0003434825921431,0.0002528571931179,0.4261243939399719,0.0138382641598582,0.0002674123097676,0.0006420154240913,0.000434101675637
C:\Users\DELL Precision 5550\Documents\GitHub\Terrasight-Eurosat-RGB-vs-Multispectral\data\raw\multispectral\Pasture\Pasture_1062.tif,5,0,Pasture,AnnualCrop,0.5439851880073547,0,0.5439851880073547,0.0016567873535677,0.0029087201692163,0.0049422127194702,0.0002622350875753,0.4197187423706054,0.0041852691210806,0.0005500406841747,0.0025761895813047,0.0192146450281143
C:\Users\DELL Precision 5550\Documents\GitHub\Terrasight-Eurosat-RGB-vs-Multispectral\data\raw\multispectral\Forest\Forest_2611.tif,1,9,Forest,SeaLake,0.5420305132865906,0,0.0008545315358787,0.4431666433811188,0.0075497166253626,3.0233457437134348e-05,3.207322879461572e-05,0.0028896012809127,0.0004187981539871,0.0001100556546589,0.0029180306009948,0.5420305132865906
C:\Users\DELL Precision 5550\Documents\GitHub\Terrasight-Eurosat-RGB-vs-Multispectral\data\raw\multispectral\AnnualCrop\AnnualCrop_2467.tif,0,6,AnnualCrop,PermanentCrop,0.5382840037345886,0,0.4598221480846405,5.1095504716158764e-08,4.460792297322769e-06,3.880361691699363e-05,0.0006983035709708,0.0011255091521888,0.5382840037345886,1.4268144923335058e-06,2.509070145606529e-05,2.564136138971662e-07
C:\Users\DELL Precision 5550\Documents\GitHub\Terrasight-Eurosat-RGB-vs-Multispectral\data\raw\multispectral\PermanentCrop\PermanentCrop_1745.tif,6,2,PermanentCrop,HerbaceousVegetation,0.5370628833770752,0,0.0002090631751343,0.0008787693222984,0.5370628833770752,2.026864603976719e-05,0.0003912399697583,1.0163198567170184e-05,0.4597677886486053,0.0001801921898731,9.978912203223445e-06,0.0014696230646222
C:\Users\DELL Precision 5550\Documents\GitHub\Terrasight-Eurosat-RGB-vs-Multispectral\data\raw\multispectral\Industrial\Industrial_1089.tif,4,6,Industrial,PermanentCrop,0.535864531993866,0,0.0002230739337392,3.954102339776e-06,0.1941761225461959,0.0048888432793319,0.2559458613395691,7.756906597933266e-06,0.535864531993866,0.0087803360074758,3.582707677196595e-06,0.0001059434362105
C:\Users\DELL Precision 5550\Documents\GitHub\Terrasight-Eurosat-RGB-vs-Multispectral\data\raw\multispectral\HerbaceousVegetation\HerbaceousVegetation_813.tif,2,3,HerbaceousVegetation,Highway,0.5275237560272217,0,0.0012778753880411,0.0001733501558192,0.0697098448872566,0.5275237560272217,0.0004276417312212,0.0175040680915117,0.0071309185586869,7.776074926368892e-05,0.3757916688919067,0.0003831539361272
C:\Users\DELL Precision 5550\Documents\GitHub\Terrasight-Eurosat-RGB-vs-Multispectral\data\raw\multispectral\Pasture\Pasture_1796.tif,5,2,Pasture,HerbaceousVegetation,0.5251725316047668,0,0.0002337143669137,0.0051682633347809,0.5251725316047668,9.19111625989899e-05,9.128027159022167e-06,0.4675863981246948,0.0011899884557351,0.000115778449981,0.0001099112996598,0.0003223685198463
C:\Users\DELL Precision 5550\Documents\GitHub\Terrasight-Eurosat-RGB-vs-Multispectral\data\raw\multispectral\Residential\Residential_1731.tif,7,6,Residential,PermanentCrop,0.5210530161857605,0,0.0002719015465117,2.1222111172392036e-05,0.2800808846950531,0.0025244508869946,0.1207621395587921,6.489533552667126e-05,0.5210530161857605,0.0750515758991241,1.6865758880157955e-05,0.0001529661531094
C:\Users\DELL Precision 5550\Documents\GitHub\Terrasight-Eurosat-RGB-vs-Multispectral\data\raw\multispectral\PermanentCrop\PermanentCrop_1475.tif,6,2,PermanentCrop,HerbaceousVegetation,0.5172787308692932,0,4.9360205593984574e-05,3.818837740254821e-06,0.5172787308692932,0.0001880019553937,0.0008754000300541,4.680776783061447e-06,0.4811398386955261,0.0004319316067267,5.933927127443894e-07,2.769083766906988e-05
C:\Users\DELL Precision 5550\Documents\GitHub\Terrasight-Eurosat-RGB-vs-Multispectral\data\raw\multispectral\AnnualCrop\AnnualCrop_2087.tif,0,6,AnnualCrop,PermanentCrop,0.5160770416259766,0,0.4569821953773498,1.82827116077533e-05,0.0016225181752815,0.0081432247534394,0.001835954724811,0.014792994596064,0.5160770416259766,0.0001052170628099,0.0003849245549645,3.767405360122211e-05
C:\Users\DELL Precision 5550\Documents\GitHub\Terrasight-Eurosat-RGB-vs-Multispectral\data\raw\multispectral\PermanentCrop\PermanentCrop_400.tif,6,4,PermanentCrop,Industrial,0.5155168175697327,0,0.0933939144015312,2.3535611035185863e-05,0.0002383721875958,0.0058917677961289,0.5155168175697327,0.0024510235525667,0.15132537484169,0.0278444718569517,0.2031690329313278,0.0001456722384318
C:\Users\DELL Precision 5550\Documents\GitHub\Terrasight-Eurosat-RGB-vs-Multispectral\data\raw\multispectral\Residential\Residential_1180.tif,7,4,Residential,Industrial,0.5138887166976929,0,0.0004216841480229,1.0843727068277076e-05,0.011003179475665,0.0172886047512292,0.5138887166976929,2.3466966013074853e-05,0.0044095646589994,0.4527934491634369,2.5644430934335105e-05,0.00013488989498
C:\Users\DELL Precision 5550\Documents\GitHub\Terrasight-Eurosat-RGB-vs-Multispectral\data\raw\multispectral\PermanentCrop\PermanentCrop_1918.tif,6,4,PermanentCrop,Industrial,0.5061756372451782,0,0.0456800982356071,1.4136235222395044e-06,0.0001657940883887,0.0006066882051527,0.5061756372451782,0.0004389123641885,0.4462568759918213,0.0005034428322687,0.0001607288577361,1.0485956408956554e-05
C:\Users\DELL Precision 5550\Documents\GitHub\Terrasight-Eurosat-RGB-vs-Multispectral\data\raw\multispectral\Highway\Highway_309.tif,3,6,Highway,PermanentCrop,0.5060675144195557,0,0.1902290433645248,2.857197159755742e-06,0.0001783855550456,0.2870022356510162,0.0034555727615952,0.0068809683434665,0.5060675144195557,3.914246190106496e-05,0.0061094146221876,3.484349144855514e-05
C:\Users\DELL Precision 5550\Documents\GitHub\Terrasight-Eurosat-RGB-vs-Multispectral\data\raw\multispectral\Forest\Forest_2171.tif,1,8,Forest,River,0.5055086612701416,0,0.0004856806481257,0.4045387506484985,0.0005784141831099,0.0049587585963308,0.0001942005619639,0.0808918178081512,0.0003355958324391,0.0005572642548941,0.5055086612701416,0.0019508320838212
C:\Users\DELL Precision 5550\Documents\GitHub\Terrasight-Eurosat-RGB-vs-Multispectral\data\raw\multispectral\Pasture\Pasture_623.tif,5,2,Pasture,HerbaceousVegetation,0.5048264861106873,0,0.0005839946097694,0.376400351524353,0.5048264861106873,0.0005069366306997,4.759817966260016e-05,0.0999292507767677,0.0008663384360261,6.477674469351768e-05,0.0093515450134873,0.007422708440572
C:\Users\DELL Precision 5550\Documents\GitHub\Terrasight-Eurosat-RGB-vs-Multispectral\data\raw\multispectral\Pasture\Pasture_1430.tif,5,2,Pasture,HerbaceousVegetation,0.5041612982749939,0,0.0177789125591516,0.1679453402757644,0.5041612982749939,0.0010159793309867,0.0007475849706679,0.1731811016798019,0.0842190086841583,0.0070798019878566,0.0013361498713493,0.0425348170101642
C:\Users\DELL Precision 5550\Documents\GitHub\Terrasight-Eurosat-RGB-vs-Multispectral\data\raw\multispectral\SeaLake\SeaLake_465.tif,9,1,SeaLake,Forest,0.5033413767814636,0,0.0094093820080161,0.5033413767814636,0.2704160213470459,0.0106996102258563,0.0008362535154446,0.0608224794268608,0.0074472436681389,0.003215255215764,0.0582334958016872,0.0755787566304206
C:\Users\DELL Precision 5550\Documents\GitHub\Terrasight-Eurosat-RGB-vs-Multispectral\data\raw\multispectral\Industrial\Industrial_1606.tif,4,2,Industrial,HerbaceousVegetation,0.5013825297355652,0,0.0008175350376404,0.0001306920021306,0.5013825297355652,0.0007997847278602,0.2493989318609237,0.0003079678572248,0.2437025904655456,0.0027590519748628,0.0001723225432215,0.0005285671213641
C:\Users\DELL Precision 5550\Documents\GitHub\Terrasight-Eurosat-RGB-vs-Multispectral\data\raw\multispectral\HerbaceousVegetation\HerbaceousVegetation_301.tif,2,6,HerbaceousVegetation,PermanentCrop,0.4981100261211395,0,0.0963122099637985,0.0013456071028485,0.347322553396225,0.0027243490330874,0.003667309647426,0.0156033840030431,0.4981100261211395,0.0125917941331863,0.0006977506563998,0.0216250456869602
C:\Users\DELL Precision 5550\Documents\GitHub\Terrasight-Eurosat-RGB-vs-Multispectral\data\raw\multispectral\Highway\Highway_2221.tif,3,6,Highway,PermanentCrop,0.4898391366004944,0,0.0710059404373169,5.380911716201808e-07,0.0006247765850275,0.4369339644908905,0.0006854941020719,0.0004829648823942,0.4898391366004944,2.3003969545243308e-05,0.0003969288081862,7.323761565203313e-06
C:\Users\DELL Precision 5550\Documents\GitHub\Terrasight-Eurosat-RGB-vs-Multispectral\data\raw\multispectral\AnnualCrop\AnnualCrop_760.tif,0,8,AnnualCrop,River,0.484136164188385,0,0.4696462452411651,5.228472946328111e-05,0.0041447440162301,0.0256630852818489,0.003606975544244,0.001659367699176,0.009653877466917,0.0001511550217401,0.484136164188385,0.0012860283022746
C:\Users\DELL Precision 5550\Documents\GitHub\Terrasight-Eurosat-RGB-vs-Multispectral\data\raw\multispectral\Pasture\Pasture_1365.tif,5,0,Pasture,AnnualCrop,0.4816028177738189,0,0.4816028177738189,0.0014049123274162,0.0015076196286827,0.000748069898691,0.0012936784187331,0.2666465938091278,0.2428302764892578,0.0010517812334001,0.0021986714564263,0.0007155464845709
C:\Users\DELL Precision 5550\Documents\GitHub\Terrasight-Eurosat-RGB-vs-Multispectral\data\raw\multispectral\PermanentCrop\PermanentCrop_702.tif,6,2,PermanentCrop,HerbaceousVegetation,0.4793446958065033,0,0.0023705984931439,0.0011990732746198,0.4793446958065033,0.0037508762907236,0.0228462666273117,0.0028441050089895,0.4643262922763824,0.022625058889389,0.0001238612894667,0.0005691856495104
C:\Users\DELL Precision 5550\Documents\GitHub\Terrasight-Eurosat-RGB-vs-Multispectral\data\raw\multispectral\Highway\Highway_1027.tif,3,2,Highway,HerbaceousVegetation,0.478143572807312,0,0.0019767493940889,2.631795359775424e-05,0.478143572807312,0.4239012897014618,0.0496996529400348,8.500782860210165e-05,0.0439885780215263,0.0015232884325087,0.0001393562561133,0.000516295491252
C:\Users\DELL Precision 5550\Documents\GitHub\Terrasight-Eurosat-RGB-vs-Multispectral\data\raw\multispectral\Pasture\Pasture_481.tif,5,2,Pasture,HerbaceousVegetation,0.4761911928653717,0,0.0161263290792703,0.0061165676452219,0.4761911928653717,0.0024956865236163,0.0153970438987016,0.051469836384058,0.4237827956676483,0.004345707129687,0.0012112380936741,0.0028636490460485
C:\Users\DELL Precision 5550\Documents\GitHub\Terrasight-Eurosat-RGB-vs-Multispectral\data\raw\multispectral\AnnualCrop\AnnualCrop_1773.tif,0,5,AnnualCrop,Pasture,0.4652073085308075,0,0.4106101989746094,1.1424244803492911e-06,3.887560160364956e-05,0.0001917547633638,0.001268750638701,0.4652073085308075,0.1223415806889534,1.4059441127756143e-05,0.0003230433212593,3.264087808929617e-06
C:\Users\DELL Precision 5550\Documents\GitHub\Terrasight-Eurosat-RGB-vs-Multispectral\data\raw\multispectral\Industrial\Industrial_2434.tif,4,9,Industrial,SeaLake,0.4622199535369873,0,0.0114002944901585,0.0002258364111185,0.0018732381286099,0.0007643255521543,0.2500736117362976,0.0022134303580969,0.000970930152107,0.2671309411525726,0.0031274023931473,0.4622199535369873
C:\Users\DELL Precision 5550\Documents\GitHub\Terrasight-Eurosat-RGB-vs-Multispectral\data\raw\multispectral\SeaLake\SeaLake_2435.tif,9,2,SeaLake,HerbaceousVegetation,0.4609611928462982,0,0.0525683164596557,0.0040353410877287,0.4609611928462982,0.0005926734884269,0.0001757324353093,0.0113133983686566,0.0023396359756588,0.0002517812827136,0.0102054215967655,0.4575565457344055
C:\Users\DELL Precision 5550\Documents\GitHub\Terrasight-Eurosat-RGB-vs-Multispectral\data\raw\multispectral\PermanentCrop\PermanentCrop_2385.tif,6,2,PermanentCrop,HerbaceousVegetation,0.4594740271568298,0,0.0007112133316695,0.2130666375160217,0.4594740271568298,0.0005791499861516,0.0002215363783761,0.2963386476039886,0.0242995731532573,0.0038336999714374,0.0005081823328509,0.0009673248277977
C:\Users\DELL Precision 5550\Documents\GitHub\Terrasight-Eurosat-RGB-vs-Multispectral\data\raw\multispectral\PermanentCrop\PermanentCrop_1481.tif,6,0,PermanentCrop,AnnualCrop,0.4126594960689544,0,0.4126594960689544,0.0010270065395161,0.1395384073257446,0.0038680480793118,0.000610522867646,0.3231080174446106,0.1160113513469696,0.000434644636698,0.0011448041768744,0.0015976285794749
C:\Users\DELL Precision 5550\Documents\GitHub\Terrasight-Eurosat-RGB-vs-Multispectral\data\raw\multispectral\HerbaceousVegetation\HerbaceousVegetation_335.tif,2,6,HerbaceousVegetation,PermanentCrop,0.4082106053829193,0,0.0058012558147311,0.0042897230014204,0.046471606940031,0.288908451795578,0.0511771738529205,0.1556949317455291,0.4082106053829193,0.0306153558194637,0.0076063922606408,0.0012245423858985
C:\Users\DELL Precision 5550\Documents\GitHub\Terrasight-Eurosat-RGB-vs-Multispectral\data\raw\multispectral\AnnualCrop\AnnualCrop_238.tif,0,5,AnnualCrop,Pasture,0.4036505818367004,0,0.2284190207719802,0.0008952979114837,0.0019944352097809,0.0163008999079465,0.001608838327229,0.4036505818367004,0.339066743850708,0.000942101702094,0.0066599990241229,0.0004621738917194
C:\Users\DELL Precision 5550\Documents\GitHub\Terrasight-Eurosat-RGB-vs-Multispectral\data\raw\multispectral\Forest\Forest_1800.tif,1,8,Forest,River,0.397788941860199,0,9.444229362998158e-05,0.2987596690654754,0.2994972467422485,0.002196283545345,4.401262049213983e-05,0.0009848116897046,0.0002695494331419,5.115587919135578e-05,0.397788941860199,0.0003138880711048
C:\Users\DELL Precision 5550\Documents\GitHub\Terrasight-Eurosat-RGB-vs-Multispectral\data\raw\multispectral\SeaLake\SeaLake_2756.tif,9,0,SeaLake,AnnualCrop,0.3800712823867798,0,0.3800712823867798,0.0038124399725347,0.3250016272068023,0.0195124987512826,0.0024128889199346,0.01577421836555,0.0238421168178319,0.0043677655048668,0.1104212701320648,0.1147837191820144
C:\Users\DELL Precision 5550\Documents\GitHub\Terrasight-Eurosat-RGB-vs-Multispectral\data\raw\multispectral\Highway\Highway_2044.tif,3,2,Highway,HerbaceousVegetation,0.3742670714855194,0,0.0002793170278891,3.7346977478591725e-05,0.3742670714855194,0.1456761062145233,0.152325764298439,6.831569771748036e-05,0.3252416849136352,0.001929533900693,8.616621926194057e-05,8.870646706782281e-05
C:\Users\DELL Precision 5550\Documents\GitHub\Terrasight-Eurosat-RGB-vs-Multispectral\data\raw\multispectral\Pasture\Pasture_1869.tif,5,1,Pasture,Forest,0.3703533113002777,0,0.0034312398638576,0.3703533113002777,0.1730631589889526,0.0044592302292585,0.0004885710659436,0.3463969230651855,0.007544414140284,0.000343566032825,0.0878354534506797,0.0060840896330773
C:\Users\DELL Precision 5550\Documents\GitHub\Terrasight-Eurosat-RGB-vs-Multispectral\data\raw\multispectral\Pasture\Pasture_1598.tif,5,2,Pasture,HerbaceousVegetation,0.369644284248352,0,0.3131172060966491,0.0331620089709758,0.369644284248352,0.016040613874793,0.0106821889057755,0.0983926579356193,0.124719463288784,0.0109801683574914,0.0103257009759545,0.0129357939586043
C:\Users\DELL Precision 5550\Documents\GitHub\Terrasight-Eurosat-RGB-vs-Multispectral\data\raw\multispectral\Highway\Highway_1538.tif,3,9,Highway,SeaLake,0.3677754402160644,0,0.3280681669712066,0.0006674245814792,0.0025295414961874,0.1286481469869613,0.0109053663909435,0.100863441824913,0.0026912784669548,0.0461693257093429,0.0116817783564329,0.3677754402160644
C:\Users\DELL Precision 5550\Documents\GitHub\Terrasight-Eurosat-RGB-vs-Multispectral\data\raw\multispectral\Highway\Highway_2207.tif,3,4,Highway,Industrial,0.359875738620758,0,0.0128493271768093,0.0002899583196267,0.2273140847682953,0.348766952753067,0.359875738620758,0.000550836964976,0.034383937716484,0.0023827427066862,0.010308638215065,0.0032777087762951
C:\Users\DELL Precision 5550\Documents\GitHub\Terrasight-Eurosat-RGB-vs-Multispectral\data\raw\multispectral\Forest\Forest_243.tif,1,2,Forest,HerbaceousVegetation,0.3225922584533691,0,0.0025587345007807,0.1579688638448715,0.3225922584533691,0.0732727572321891,0.0063415453769266,0.2941944003105163,0.071775771677494,0.0073813688941299,0.0609733201563358,0.0029409634880721
C:\Users\DELL Precision 5550\Documents\GitHub\Terrasight-Eurosat-RGB-vs-Multispectral\data\raw\multispectral\Forest\Forest_485.tif,1,5,Forest,Pasture,0.2996024489402771,0,0.0406553372740745,0.0692650452256202,0.0038794588763266,0.0250180792063474,0.1004437282681465,0.2996024489402771,0.0216452833265066,0.2980186641216278,0.1304171979427337,0.0110546723008155
