experiment_id,sample_index,path,true_label,true_class,predicted_label,predicted_class,confidence,correct,target_class,target_class_name,band_rank,band_name,attribution_score
v4_ablation_rgb_rededge_nir_swir_resnet18_pretrained_adapted_seed42,0,C:\Users\DELL Precision 5550\Documents\GitHub\Terrasight-Eurosat-RGB-vs-Multispectral\data\raw\multispectral\AnnualCrop\AnnualCrop_2035.tif,0,AnnualCrop,0,AnnualCrop,0.9860072135925293,True,0,AnnualCrop,1,B3,0.26748937368392944
v4_ablation_rgb_rededge_nir_swir_resnet18_pretrained_adapted_seed42,0,C:\Users\DELL Precision 5550\Documents\GitHub\Terrasight-Eurosat-RGB-vs-Multispectral\data\raw\multispectral\AnnualCrop\AnnualCrop_2035.tif,0,AnnualCrop,0,AnnualCrop,0.9860072135925293,True,0,AnnualCrop,2,B2,0.00829780101776123
v4_ablation_rgb_rededge_nir_swir_resnet18_pretrained_adapted_seed42,0,C:\Users\DELL Precision 5550\Documents\GitHub\Terrasight-Eurosat-RGB-vs-Multispectral\data\raw\multispectral\AnnualCrop\AnnualCrop_2035.tif,0,AnnualCrop,0,AnnualCrop,0.9860072135925293,True,0,AnnualCrop,3,B11,0.0025202035903930664
v4_ablation_rgb_rededge_nir_swir_resnet18_pretrained_adapted_seed42,0,C:\Users\DELL Precision 5550\Documents\GitHub\Terrasight-Eurosat-RGB-vs-Multispectral\data\raw\multispectral\AnnualCrop\AnnualCrop_2035.tif,0,AnnualCrop,0,AnnualCrop,0.9860072135925293,True,0,AnnualCrop,4,B7,-0.0021890997886657715
v4_ablation_rgb_rededge_nir_swir_resnet18_pretrained_adapted_seed42,0,C:\Users\DELL Precision 5550\Documents\GitHub\Terrasight-Eurosat-RGB-vs-Multispectral\data\raw\multispectral\AnnualCrop\AnnualCrop_2035.tif,0,AnnualCrop,0,AnnualCrop,0.9860072135925293,True,0,AnnualCrop,5,B6,-0.00470966100692749
v4_ablation_rgb_rededge_nir_swir_resnet18_pretrained_adapted_seed42,0,C:\Users\DELL Precision 5550\Documents\GitHub\Terrasight-Eurosat-RGB-vs-Multispectral\data\raw\multispectral\AnnualCrop\AnnualCrop_2035.tif,0,AnnualCrop,0,AnnualCrop,0.9860072135925293,True,0,AnnualCrop,6,B8A,-0.005491912364959717
v4_ablation_rgb_rededge_nir_swir_resnet18_pretrained_adapted_seed42,0,C:\Users\DELL Precision 5550\Documents\GitHub\Terrasight-Eurosat-RGB-vs-Multispectral\data\raw\multispectral\AnnualCrop\AnnualCrop_2035.tif,0,AnnualCrop,0,AnnualCrop,0.9860072135925293,True,0,AnnualCrop,7,B12,-0.00593799352645874
v4_ablation_rgb_rededge_nir_swir_resnet18_pretrained_adapted_seed42,0,C:\Users\DELL Precision 5550\Documents\GitHub\Terrasight-Eurosat-RGB-vs-Multispectral\data\raw\multispectral\AnnualCrop\AnnualCrop_2035.tif,0,AnnualCrop,0,AnnualCrop,0.9860072135925293,True,0,AnnualCrop,8,B4,-0.00745546817779541
v4_ablation_rgb_rededge_nir_swir_resnet18_pretrained_adapted_seed42,0,C:\Users\DELL Precision 5550\Documents\GitHub\Terrasight-Eurosat-RGB-vs-Multispectral\data\raw\multispectral\AnnualCrop\AnnualCrop_2035.tif,0,AnnualCrop,0,AnnualCrop,0.9860072135925293,True,0,AnnualCrop,9,B5,-0.007560551166534424
v4_ablation_rgb_rededge_nir_swir_resnet18_pretrained_adapted_seed42,0,C:\Users\DELL Precision 5550\Documents\GitHub\Terrasight-Eurosat-RGB-vs-Multispectral\data\raw\multispectral\AnnualCrop\AnnualCrop_2035.tif,0,AnnualCrop,0,AnnualCrop,0.9860072135925293,True,0,AnnualCrop,10,B8,-0.009775757789611816
v4_ablation_rgb_rededge_nir_swir_resnet18_pretrained_adapted_seed42,1,C:\Users\DELL Precision 5550\Documents\GitHub\Terrasight-Eurosat-RGB-vs-Multispectral\data\raw\multispectral\Industrial\Industrial_926.tif,4,Industrial,4,Industrial,0.9992198944091797,True,4,Industrial,1,B3,0.9990019292890793
v4_ablation_rgb_rededge_nir_swir_resnet18_pretrained_adapted_seed42,1,C:\Users\DELL Precision 5550\Documents\GitHub\Terrasight-Eurosat-RGB-vs-Multispectral\data\raw\multispectral\Industrial\Industrial_926.tif,4,Industrial,4,Industrial,0.9992198944091797,True,4,Industrial,2,B2,0.9738297052681446
v4_ablation_rgb_rededge_nir_swir_resnet18_pretrained_adapted_seed42,1,C:\Users\DELL Precision 5550\Documents\GitHub\Terrasight-Eurosat-RGB-vs-Multispectral\data\raw\multispectral\Industrial\Industrial_926.tif,4,Industrial,4,Industrial,0.9992198944091797,True,4,Industrial,3,B4,0.7779748737812042
v4_ablation_rgb_rededge_nir_swir_resnet18_pretrained_adapted_seed42,1,C:\Users\DELL Precision 5550\Documents\GitHub\Terrasight-Eurosat-RGB-vs-Multispectral\data\raw\multispectral\Industrial\Industrial_926.tif,4,Industrial,4,Industrial,0.9992198944091797,True,4,Industrial,4,B5,0.0034008026123046875
v4_ablation_rgb_rededge_nir_swir_resnet18_pretrained_adapted_seed42,1,C:\Users\DELL Precision 5550\Documents\GitHub\Terrasight-Eurosat-RGB-vs-Multispectral\data\raw\multispectral\Industrial\Industrial_926.tif,4,Industrial,4,Industrial,0.9992198944091797,True,4,Industrial,5,B8A,8.624792098999023e-05
v4_ablation_rgb_rededge_nir_swir_resnet18_pretrained_adapted_seed42,1,C:\Users\DELL Precision 5550\Documents\GitHub\Terrasight-Eurosat-RGB-vs-Multispectral\data\raw\multispectral\Industrial\Industrial_926.tif,4,Industrial,4,Industrial,0.9992198944091797,True,4,Industrial,6,B7,-0.00018346309661865234
v4_ablation_rgb_rededge_nir_swir_resnet18_pretrained_adapted_seed42,1,C:\Users\DELL Precision 5550\Documents\GitHub\Terrasight-Eurosat-RGB-vs-Multispectral\data\raw\multispectral\Industrial\Industrial_926.tif,4,Industrial,4,Industrial,0.9992198944091797,True,4,Industrial,7,B6,-0.0002263188362121582
v4_ablation_rgb_rededge_nir_swir_resnet18_pretrained_adapted_seed42,1,C:\Users\DELL Precision 5550\Documents\GitHub\Terrasight-Eurosat-RGB-vs-Multispectral\data\raw\multispectral\Industrial\Industrial_926.tif,4,Industrial,4,Industrial,0.9992198944091797,True,4,Industrial,8,B12,-0.00023347139358520508
v4_ablation_rgb_rededge_nir_swir_resnet18_pretrained_adapted_seed42,1,C:\Users\DELL Precision 5550\Documents\GitHub\Terrasight-Eurosat-RGB-vs-Multispectral\data\raw\multispectral\Industrial\Industrial_926.tif,4,Industrial,4,Industrial,0.9992198944091797,True,4,Industrial,9,B8,-0.0005618929862976074
v4_ablation_rgb_rededge_nir_swir_resnet18_pretrained_adapted_seed42,1,C:\Users\DELL Precision 5550\Documents\GitHub\Terrasight-Eurosat-RGB-vs-Multispectral\data\raw\multispectral\Industrial\Industrial_926.tif,4,Industrial,4,Industrial,0.9992198944091797,True,4,Industrial,10,B11,-0.0006699562072753906
v4_ablation_rgb_rededge_nir_swir_resnet18_pretrained_adapted_seed42,2,C:\Users\DELL Precision 5550\Documents\GitHub\Terrasight-Eurosat-RGB-vs-Multispectral\data\raw\multispectral\AnnualCrop\AnnualCrop_705.tif,0,AnnualCrop,0,AnnualCrop,0.9761533737182617,True,0,AnnualCrop,1,B3,0.05051356554031372
v4_ablation_rgb_rededge_nir_swir_resnet18_pretrained_adapted_seed42,2,C:\Users\DELL Precision 5550\Documents\GitHub\Terrasight-Eurosat-RGB-vs-Multispectral\data\raw\multispectral\AnnualCrop\AnnualCrop_705.tif,0,AnnualCrop,0,AnnualCrop,0.9761533737182617,True,0,AnnualCrop,2,B6,0.00974804162979126
v4_ablation_rgb_rededge_nir_swir_resnet18_pretrained_adapted_seed42,2,C:\Users\DELL Precision 5550\Documents\GitHub\Terrasight-Eurosat-RGB-vs-Multispectral\data\raw\multispectral\AnnualCrop\AnnualCrop_705.tif,0,AnnualCrop,0,AnnualCrop,0.9761533737182617,True,0,AnnualCrop,3,B5,0.0027191638946533203
v4_ablation_rgb_rededge_nir_swir_resnet18_pretrained_adapted_seed42,2,C:\Users\DELL Precision 5550\Documents\GitHub\Terrasight-Eurosat-RGB-vs-Multispectral\data\raw\multispectral\AnnualCrop\AnnualCrop_705.tif,0,AnnualCrop,0,AnnualCrop,0.9761533737182617,True,0,AnnualCrop,4,B2,0.0025345683097839355
v4_ablation_rgb_rededge_nir_swir_resnet18_pretrained_adapted_seed42,2,C:\Users\DELL Precision 5550\Documents\GitHub\Terrasight-Eurosat-RGB-vs-Multispectral\data\raw\multispectral\AnnualCrop\AnnualCrop_705.tif,0,AnnualCrop,0,AnnualCrop,0.9761533737182617,True,0,AnnualCrop,5,B8A,0.0019812583923339844
v4_ablation_rgb_rededge_nir_swir_resnet18_pretrained_adapted_seed42,2,C:\Users\DELL Precision 5550\Documents\GitHub\Terrasight-Eurosat-RGB-vs-Multispectral\data\raw\multispectral\AnnualCrop\AnnualCrop_705.tif,0,AnnualCrop,0,AnnualCrop,0.9761533737182617,True,0,AnnualCrop,6,B12,0.0015972256660461426
v4_ablation_rgb_rededge_nir_swir_resnet18_pretrained_adapted_seed42,2,C:\Users\DELL Precision 5550\Documents\GitHub\Terrasight-Eurosat-RGB-vs-Multispectral\data\raw\multispectral\AnnualCrop\AnnualCrop_705.tif,0,AnnualCrop,0,AnnualCrop,0.9761533737182617,True,0,AnnualCrop,7,B8,2.9981136322021484e-05
v4_ablation_rgb_rededge_nir_swir_resnet18_pretrained_adapted_seed42,2,C:\Users\DELL Precision 5550\Documents\GitHub\Terrasight-Eurosat-RGB-vs-Multispectral\data\raw\multispectral\AnnualCrop\AnnualCrop_705.tif,0,AnnualCrop,0,AnnualCrop,0.9761533737182617,True,0,AnnualCrop,8,B7,-0.0017359256744384766
v4_ablation_rgb_rededge_nir_swir_resnet18_pretrained_adapted_seed42,2,C:\Users\DELL Precision 5550\Documents\GitHub\Terrasight-Eurosat-RGB-vs-Multispectral\data\raw\multispectral\AnnualCrop\AnnualCrop_705.tif,0,AnnualCrop,0,AnnualCrop,0.9761533737182617,True,0,AnnualCrop,9,B11,-0.0038837194442749023
v4_ablation_rgb_rededge_nir_swir_resnet18_pretrained_adapted_seed42,2,C:\Users\DELL Precision 5550\Documents\GitHub\Terrasight-Eurosat-RGB-vs-Multispectral\data\raw\multispectral\AnnualCrop\AnnualCrop_705.tif,0,AnnualCrop,0,AnnualCrop,0.9761533737182617,True,0,AnnualCrop,10,B4,-0.02008950710296631
v4_ablation_rgb_rededge_nir_swir_resnet18_pretrained_adapted_seed42,3,C:\Users\DELL Precision 5550\Documents\GitHub\Terrasight-Eurosat-RGB-vs-Multispectral\data\raw\multispectral\Forest\Forest_2954.tif,1,Forest,1,Forest,0.9985663294792175,True,1,Forest,1,B4,0.3131459355354309
v4_ablation_rgb_rededge_nir_swir_resnet18_pretrained_adapted_seed42,3,C:\Users\DELL Precision 5550\Documents\GitHub\Terrasight-Eurosat-RGB-vs-Multispectral\data\raw\multispectral\Forest\Forest_2954.tif,1,Forest,1,Forest,0.9985663294792175,True,1,Forest,2,B2,0.020541846752166748
v4_ablation_rgb_rededge_nir_swir_resnet18_pretrained_adapted_seed42,3,C:\Users\DELL Precision 5550\Documents\GitHub\Terrasight-Eurosat-RGB-vs-Multispectral\data\raw\multispectral\Forest\Forest_2954.tif,1,Forest,1,Forest,0.9985663294792175,True,1,Forest,3,B3,0.01829075813293457
v4_ablation_rgb_rededge_nir_swir_resnet18_pretrained_adapted_seed42,3,C:\Users\DELL Precision 5550\Documents\GitHub\Terrasight-Eurosat-RGB-vs-Multispectral\data\raw\multispectral\Forest\Forest_2954.tif,1,Forest,1,Forest,0.9985663294792175,True,1,Forest,4,B8A,0.0007301568984985352
v4_ablation_rgb_rededge_nir_swir_resnet18_pretrained_adapted_seed42,3,C:\Users\DELL Precision 5550\Documents\GitHub\Terrasight-Eurosat-RGB-vs-Multispectral\data\raw\multispectral\Forest\Forest_2954.tif,1,Forest,1,Forest,0.9985663294792175,True,1,Forest,5,B8,0.000391542911529541
v4_ablation_rgb_rededge_nir_swir_resnet18_pretrained_adapted_seed42,3,C:\Users\DELL Precision 5550\Documents\GitHub\Terrasight-Eurosat-RGB-vs-Multispectral\data\raw\multispectral\Forest\Forest_2954.tif,1,Forest,1,Forest,0.9985663294792175,True,1,Forest,6,B6,-0.00035941600799560547
v4_ablation_rgb_rededge_nir_swir_resnet18_pretrained_adapted_seed42,3,C:\Users\DELL Precision 5550\Documents\GitHub\Terrasight-Eurosat-RGB-vs-Multispectral\data\raw\multispectral\Forest\Forest_2954.tif,1,Forest,1,Forest,0.9985663294792175,True,1,Forest,7,B5,-0.00048613548278808594
v4_ablation_rgb_rededge_nir_swir_resnet18_pretrained_adapted_seed42,3,C:\Users\DELL Precision 5550\Documents\GitHub\Terrasight-Eurosat-RGB-vs-Multispectral\data\raw\multispectral\Forest\Forest_2954.tif,1,Forest,1,Forest,0.9985663294792175,True,1,Forest,8,B12,-0.0005383491516113281
v4_ablation_rgb_rededge_nir_swir_resnet18_pretrained_adapted_seed42,3,C:\Users\DELL Precision 5550\Documents\GitHub\Terrasight-Eurosat-RGB-vs-Multispectral\data\raw\multispectral\Forest\Forest_2954.tif,1,Forest,1,Forest,0.9985663294792175,True,1,Forest,9,B7,-0.0007469058036804199
v4_ablation_rgb_rededge_nir_swir_resnet18_pretrained_adapted_seed42,3,C:\Users\DELL Precision 5550\Documents\GitHub\Terrasight-Eurosat-RGB-vs-Multispectral\data\raw\multispectral\Forest\Forest_2954.tif,1,Forest,1,Forest,0.9985663294792175,True,1,Forest,10,B11,-0.000826418399810791
v4_ablation_rgb_rededge_nir_swir_resnet18_pretrained_adapted_seed42,4,C:\Users\DELL Precision 5550\Documents\GitHub\Terrasight-Eurosat-RGB-vs-Multispectral\data\raw\multispectral\Industrial\Industrial_70.tif,4,Industrial,4,Industrial,0.9999783039093018,True,4,Industrial,1,B3,0.9983975682407618
v4_ablation_rgb_rededge_nir_swir_resnet18_pretrained_adapted_seed42,4,C:\Users\DELL Precision 5550\Documents\GitHub\Terrasight-Eurosat-RGB-vs-Multispectral\data\raw\multispectral\Industrial\Industrial_70.tif,4,Industrial,4,Industrial,0.9999783039093018,True,4,Industrial,2,B4,0.838089644908905
v4_ablation_rgb_rededge_nir_swir_resnet18_pretrained_adapted_seed42,4,C:\Users\DELL Precision 5550\Documents\GitHub\Terrasight-Eurosat-RGB-vs-Multispectral\data\raw\multispectral\Industrial\Industrial_70.tif,4,Industrial,4,Industrial,0.9999783039093018,True,4,Industrial,3,B2,0.16231638193130493
v4_ablation_rgb_rededge_nir_swir_resnet18_pretrained_adapted_seed42,4,C:\Users\DELL Precision 5550\Documents\GitHub\Terrasight-Eurosat-RGB-vs-Multispectral\data\raw\multispectral\Industrial\Industrial_70.tif,4,Industrial,4,Industrial,0.9999783039093018,True,4,Industrial,4,B11,7.367134094238281e-05
v4_ablation_rgb_rededge_nir_swir_resnet18_pretrained_adapted_seed42,4,C:\Users\DELL Precision 5550\Documents\GitHub\Terrasight-Eurosat-RGB-vs-Multispectral\data\raw\multispectral\Industrial\Industrial_70.tif,4,Industrial,4,Industrial,0.9999783039093018,True,4,Industrial,5,B8,6.759166717529297e-05
v4_ablation_rgb_rededge_nir_swir_resnet18_pretrained_adapted_seed42,4,C:\Users\DELL Precision 5550\Documents\GitHub\Terrasight-Eurosat-RGB-vs-Multispectral\data\raw\multispectral\Industrial\Industrial_70.tif,4,Industrial,4,Industrial,0.9999783039093018,True,4,Industrial,6,B12,3.135204315185547e-05
v4_ablation_rgb_rededge_nir_swir_resnet18_pretrained_adapted_seed42,4,C:\Users\DELL Precision 5550\Documents\GitHub\Terrasight-Eurosat-RGB-vs-Multispectral\data\raw\multispectral\Industrial\Industrial_70.tif,4,Industrial,4,Industrial,0.9999783039093018,True,4,Industrial,7,B7,2.2649765014648438e-05
v4_ablation_rgb_rededge_nir_swir_resnet18_pretrained_adapted_seed42,4,C:\Users\DELL Precision 5550\Documents\GitHub\Terrasight-Eurosat-RGB-vs-Multispectral\data\raw\multispectral\Industrial\Industrial_70.tif,4,Industrial,4,Industrial,0.9999783039093018,True,4,Industrial,8,B5,1.3589859008789062e-05
v4_ablation_rgb_rededge_nir_swir_resnet18_pretrained_adapted_seed42,4,C:\Users\DELL Precision 5550\Documents\GitHub\Terrasight-Eurosat-RGB-vs-Multispectral\data\raw\multispectral\Industrial\Industrial_70.tif,4,Industrial,4,Industrial,0.9999783039093018,True,4,Industrial,9,B8A,3.337860107421875e-06
v4_ablation_rgb_rededge_nir_swir_resnet18_pretrained_adapted_seed42,4,C:\Users\DELL Precision 5550\Documents\GitHub\Terrasight-Eurosat-RGB-vs-Multispectral\data\raw\multispectral\Industrial\Industrial_70.tif,4,Industrial,4,Industrial,0.9999783039093018,True,4,Industrial,10,B6,-5.7220458984375e-06
v4_ablation_rgb_rededge_nir_swir_resnet18_pretrained_adapted_seed42,5,C:\Users\DELL Precision 5550\Documents\GitHub\Terrasight-Eurosat-RGB-vs-Multispectral\data\raw\multispectral\PermanentCrop\PermanentCrop_1176.tif,6,PermanentCrop,6,PermanentCrop,0.9991338849067688,True,6,PermanentCrop,1,B3,0.9871988417580724
v4_ablation_rgb_rededge_nir_swir_resnet18_pretrained_adapted_seed42,5,C:\Users\DELL Precision 5550\Documents\GitHub\Terrasight-Eurosat-RGB-vs-Multispectral\data\raw\multispectral\PermanentCrop\PermanentCrop_1176.tif,6,PermanentCrop,6,PermanentCrop,0.9991338849067688,True,6,PermanentCrop,2,B2,0.6715355515480042
v4_ablation_rgb_rededge_nir_swir_resnet18_pretrained_adapted_seed42,5,C:\Users\DELL Precision 5550\Documents\GitHub\Terrasight-Eurosat-RGB-vs-Multispectral\data\raw\multispectral\PermanentCrop\PermanentCrop_1176.tif,6,PermanentCrop,6,PermanentCrop,0.9991338849067688,True,6,PermanentCrop,3,B4,0.010862112045288086
v4_ablation_rgb_rededge_nir_swir_resnet18_pretrained_adapted_seed42,5,C:\Users\DELL Precision 5550\Documents\GitHub\Terrasight-Eurosat-RGB-vs-Multispectral\data\raw\multispectral\PermanentCrop\PermanentCrop_1176.tif,6,PermanentCrop,6,PermanentCrop,0.9991338849067688,True,6,PermanentCrop,4,B8A,0.0005803108215332031
v4_ablation_rgb_rededge_nir_swir_resnet18_pretrained_adapted_seed42,5,C:\Users\DELL Precision 5550\Documents\GitHub\Terrasight-Eurosat-RGB-vs-Multispectral\data\raw\multispectral\PermanentCrop\PermanentCrop_1176.tif,6,PermanentCrop,6,PermanentCrop,0.9991338849067688,True,6,PermanentCrop,5,B5,0.00040280818939208984
v4_ablation_rgb_rededge_nir_swir_resnet18_pretrained_adapted_seed42,5,C:\Users\DELL Precision 5550\Documents\GitHub\Terrasight-Eurosat-RGB-vs-Multispectral\data\raw\multispectral\PermanentCrop\PermanentCrop_1176.tif,6,PermanentCrop,6,PermanentCrop,0.9991338849067688,True,6,PermanentCrop,6,B11,0.00038760900497436523
v4_ablation_rgb_rededge_nir_swir_resnet18_pretrained_adapted_seed42,5,C:\Users\DELL Precision 5550\Documents\GitHub\Terrasight-Eurosat-RGB-vs-Multispectral\data\raw\multispectral\PermanentCrop\PermanentCrop_1176.tif,6,PermanentCrop,6,PermanentCrop,0.9991338849067688,True,6,PermanentCrop,7,B8,6.687641143798828e-05
v4_ablation_rgb_rededge_nir_swir_resnet18_pretrained_adapted_seed42,5,C:\Users\DELL Precision 5550\Documents\GitHub\Terrasight-Eurosat-RGB-vs-Multispectral\data\raw\multispectral\PermanentCrop\PermanentCrop_1176.tif,6,PermanentCrop,6,PermanentCrop,0.9991338849067688,True,6,PermanentCrop,8,B7,1.609325408935547e-05
v4_ablation_rgb_rededge_nir_swir_resnet18_pretrained_adapted_seed42,5,C:\Users\DELL Precision 5550\Documents\GitHub\Terrasight-Eurosat-RGB-vs-Multispectral\data\raw\multispectral\PermanentCrop\PermanentCrop_1176.tif,6,PermanentCrop,6,PermanentCrop,0.9991338849067688,True,6,PermanentCrop,9,B12,-3.2007694244384766e-05
v4_ablation_rgb_rededge_nir_swir_resnet18_pretrained_adapted_seed42,5,C:\Users\DELL Precision 5550\Documents\GitHub\Terrasight-Eurosat-RGB-vs-Multispectral\data\raw\multispectral\PermanentCrop\PermanentCrop_1176.tif,6,PermanentCrop,6,PermanentCrop,0.9991338849067688,True,6,PermanentCrop,10,B6,-0.00012111663818359375
v4_ablation_rgb_rededge_nir_swir_resnet18_pretrained_adapted_seed42,6,C:\Users\DELL Precision 5550\Documents\GitHub\Terrasight-Eurosat-RGB-vs-Multispectral\data\raw\multispectral\HerbaceousVegetation\HerbaceousVegetation_2302.tif,2,HerbaceousVegetation,2,HerbaceousVegetation,0.9991562366485596,True,2,HerbaceousVegetation,1,B3,0.9689045697450638
v4_ablation_rgb_rededge_nir_swir_resnet18_pretrained_adapted_seed42,6,C:\Users\DELL Precision 5550\Documents\GitHub\Terrasight-Eurosat-RGB-vs-Multispectral\data\raw\multispectral\HerbaceousVegetation\HerbaceousVegetation_2302.tif,2,HerbaceousVegetation,2,HerbaceousVegetation,0.9991562366485596,True,2,HerbaceousVegetation,2,B2,0.12421923875808716
v4_ablation_rgb_rededge_nir_swir_resnet18_pretrained_adapted_seed42,6,C:\Users\DELL Precision 5550\Documents\GitHub\Terrasight-Eurosat-RGB-vs-Multispectral\data\raw\multispectral\HerbaceousVegetation\HerbaceousVegetation_2302.tif,2,HerbaceousVegetation,2,HerbaceousVegetation,0.9991562366485596,True,2,HerbaceousVegetation,3,B4,0.03520965576171875
v4_ablation_rgb_rededge_nir_swir_resnet18_pretrained_adapted_seed42,6,C:\Users\DELL Precision 5550\Documents\GitHub\Terrasight-Eurosat-RGB-vs-Multispectral\data\raw\multispectral\HerbaceousVegetation\HerbaceousVegetation_2302.tif,2,HerbaceousVegetation,2,HerbaceousVegetation,0.9991562366485596,True,2,HerbaceousVegetation,4,B11,0.0035995841026306152
v4_ablation_rgb_rededge_nir_swir_resnet18_pretrained_adapted_seed42,6,C:\Users\DELL Precision 5550\Documents\GitHub\Terrasight-Eurosat-RGB-vs-Multispectral\data\raw\multispectral\HerbaceousVegetation\HerbaceousVegetation_2302.tif,2,HerbaceousVegetation,2,HerbaceousVegetation,0.9991562366485596,True,2,HerbaceousVegetation,5,B5,0.0020617246627807617
v4_ablation_rgb_rededge_nir_swir_resnet18_pretrained_adapted_seed42,6,C:\Users\DELL Precision 5550\Documents\GitHub\Terrasight-Eurosat-RGB-vs-Multispectral\data\raw\multispectral\HerbaceousVegetation\HerbaceousVegetation_2302.tif,2,HerbaceousVegetation,2,HerbaceousVegetation,0.9991562366485596,True,2,HerbaceousVegetation,6,B8,0.0006126165390014648
v4_ablation_rgb_rededge_nir_swir_resnet18_pretrained_adapted_seed42,6,C:\Users\DELL Precision 5550\Documents\GitHub\Terrasight-Eurosat-RGB-vs-Multispectral\data\raw\multispectral\HerbaceousVegetation\HerbaceousVegetation_2302.tif,2,HerbaceousVegetation,2,HerbaceousVegetation,0.9991562366485596,True,2,HerbaceousVegetation,7,B7,0.0005902647972106934
v4_ablation_rgb_rededge_nir_swir_resnet18_pretrained_adapted_seed42,6,C:\Users\DELL Precision 5550\Documents\GitHub\Terrasight-Eurosat-RGB-vs-Multispectral\data\raw\multispectral\HerbaceousVegetation\HerbaceousVegetation_2302.tif,2,HerbaceousVegetation,2,HerbaceousVegetation,0.9991562366485596,True,2,HerbaceousVegetation,8,B12,0.00036603212356567383
v4_ablation_rgb_rededge_nir_swir_resnet18_pretrained_adapted_seed42,6,C:\Users\DELL Precision 5550\Documents\GitHub\Terrasight-Eurosat-RGB-vs-Multispectral\data\raw\multispectral\HerbaceousVegetation\HerbaceousVegetation_2302.tif,2,HerbaceousVegetation,2,HerbaceousVegetation,0.9991562366485596,True,2,HerbaceousVegetation,9,B6,3.844499588012695e-05
v4_ablation_rgb_rededge_nir_swir_resnet18_pretrained_adapted_seed42,6,C:\Users\DELL Precision 5550\Documents\GitHub\Terrasight-Eurosat-RGB-vs-Multispectral\data\raw\multispectral\HerbaceousVegetation\HerbaceousVegetation_2302.tif,2,HerbaceousVegetation,2,HerbaceousVegetation,0.9991562366485596,True,2,HerbaceousVegetation,10,B8A,-0.00025725364685058594
v4_ablation_rgb_rededge_nir_swir_resnet18_pretrained_adapted_seed42,7,C:\Users\DELL Precision 5550\Documents\GitHub\Terrasight-Eurosat-RGB-vs-Multispectral\data\raw\multispectral\Pasture\Pasture_683.tif,5,Pasture,5,Pasture,0.9916951060295105,True,5,Pasture,1,B3,0.378243088722229
v4_ablation_rgb_rededge_nir_swir_resnet18_pretrained_adapted_seed42,7,C:\Users\DELL Precision 5550\Documents\GitHub\Terrasight-Eurosat-RGB-vs-Multispectral\data\raw\multispectral\Pasture\Pasture_683.tif,5,Pasture,5,Pasture,0.9916951060295105,True,5,Pasture,2,B4,0.30219775438308716
v4_ablation_rgb_rededge_nir_swir_resnet18_pretrained_adapted_seed42,7,C:\Users\DELL Precision 5550\Documents\GitHub\Terrasight-Eurosat-RGB-vs-Multispectral\data\raw\multispectral\Pasture\Pasture_683.tif,5,Pasture,5,Pasture,0.9916951060295105,True,5,Pasture,3,B2,0.05142587423324585
v4_ablation_rgb_rededge_nir_swir_resnet18_pretrained_adapted_seed42,7,C:\Users\DELL Precision 5550\Documents\GitHub\Terrasight-Eurosat-RGB-vs-Multispectral\data\raw\multispectral\Pasture\Pasture_683.tif,5,Pasture,5,Pasture,0.9916951060295105,True,5,Pasture,4,B8,0.013001501560211182
v4_ablation_rgb_rededge_nir_swir_resnet18_pretrained_adapted_seed42,7,C:\Users\DELL Precision 5550\Documents\GitHub\Terrasight-Eurosat-RGB-vs-Multispectral\data\raw\multispectral\Pasture\Pasture_683.tif,5,Pasture,5,Pasture,0.9916951060295105,True,5,Pasture,5,B6,0.003983736038208008
v4_ablation_rgb_rededge_nir_swir_resnet18_pretrained_adapted_seed42,7,C:\Users\DELL Precision 5550\Documents\GitHub\Terrasight-Eurosat-RGB-vs-Multispectral\data\raw\multispectral\Pasture\Pasture_683.tif,5,Pasture,5,Pasture,0.9916951060295105,True,5,Pasture,6,B12,0.0020085573196411133
v4_ablation_rgb_rededge_nir_swir_resnet18_pretrained_adapted_seed42,7,C:\Users\DELL Precision 5550\Documents\GitHub\Terrasight-Eurosat-RGB-vs-Multispectral\data\raw\multispectral\Pasture\Pasture_683.tif,5,Pasture,5,Pasture,0.9916951060295105,True,5,Pasture,7,B7,0.001980900764465332
v4_ablation_rgb_rededge_nir_swir_resnet18_pretrained_adapted_seed42,7,C:\Users\DELL Precision 5550\Documents\GitHub\Terrasight-Eurosat-RGB-vs-Multispectral\data\raw\multispectral\Pasture\Pasture_683.tif,5,Pasture,5,Pasture,0.9916951060295105,True,5,Pasture,8,B8A,0.0011217594146728516
v4_ablation_rgb_rededge_nir_swir_resnet18_pretrained_adapted_seed42,7,C:\Users\DELL Precision 5550\Documents\GitHub\Terrasight-Eurosat-RGB-vs-Multispectral\data\raw\multispectral\Pasture\Pasture_683.tif,5,Pasture,5,Pasture,0.9916951060295105,True,5,Pasture,9,B11,-0.0023818612098693848
v4_ablation_rgb_rededge_nir_swir_resnet18_pretrained_adapted_seed42,7,C:\Users\DELL Precision 5550\Documents\GitHub\Terrasight-Eurosat-RGB-vs-Multispectral\data\raw\multispectral\Pasture\Pasture_683.tif,5,Pasture,5,Pasture,0.9916951060295105,True,5,Pasture,10,B5,-0.003903806209564209
v4_ablation_rgb_rededge_nir_swir_resnet18_pretrained_adapted_seed42,8,C:\Users\DELL Precision 5550\Documents\GitHub\Terrasight-Eurosat-RGB-vs-Multispectral\data\raw\multispectral\PermanentCrop\PermanentCrop_580.tif,6,PermanentCrop,6,PermanentCrop,0.595081627368927,True,6,PermanentCrop,1,B3,0.5945438605267555
v4_ablation_rgb_rededge_nir_swir_resnet18_pretrained_adapted_seed42,8,C:\Users\DELL Precision 5550\Documents\GitHub\Terrasight-Eurosat-RGB-vs-Multispectral\data\raw\multispectral\PermanentCrop\PermanentCrop_580.tif,6,PermanentCrop,6,PermanentCrop,0.595081627368927,True,6,PermanentCrop,2,B4,0.5840486120432615
v4_ablation_rgb_rededge_nir_swir_resnet18_pretrained_adapted_seed42,8,C:\Users\DELL Precision 5550\Documents\GitHub\Terrasight-Eurosat-RGB-vs-Multispectral\data\raw\multispectral\PermanentCrop\PermanentCrop_580.tif,6,PermanentCrop,6,PermanentCrop,0.595081627368927,True,6,PermanentCrop,3,B2,0.5785863790661097
v4_ablation_rgb_rededge_nir_swir_resnet18_pretrained_adapted_seed42,8,C:\Users\DELL Precision 5550\Documents\GitHub\Terrasight-Eurosat-RGB-vs-Multispectral\data\raw\multispectral\PermanentCrop\PermanentCrop_580.tif,6,PermanentCrop,6,PermanentCrop,0.595081627368927,True,6,PermanentCrop,4,B11,0.3272106349468231
v4_ablation_rgb_rededge_nir_swir_resnet18_pretrained_adapted_seed42,8,C:\Users\DELL Precision 5550\Documents\GitHub\Terrasight-Eurosat-RGB-vs-Multispectral\data\raw\multispectral\PermanentCrop\PermanentCrop_580.tif,6,PermanentCrop,6,PermanentCrop,0.595081627368927,True,6,PermanentCrop,5,B8A,0.08845365047454834
v4_ablation_rgb_rededge_nir_swir_resnet18_pretrained_adapted_seed42,8,C:\Users\DELL Precision 5550\Documents\GitHub\Terrasight-Eurosat-RGB-vs-Multispectral\data\raw\multispectral\PermanentCrop\PermanentCrop_580.tif,6,PermanentCrop,6,PermanentCrop,0.595081627368927,True,6,PermanentCrop,6,B5,0.03217732906341553
v4_ablation_rgb_rededge_nir_swir_resnet18_pretrained_adapted_seed42,8,C:\Users\DELL Precision 5550\Documents\GitHub\Terrasight-Eurosat-RGB-vs-Multispectral\data\raw\multispectral\PermanentCrop\PermanentCrop_580.tif,6,PermanentCrop,6,PermanentCrop,0.595081627368927,True,6,PermanentCrop,7,B6,0.006744384765625
v4_ablation_rgb_rededge_nir_swir_resnet18_pretrained_adapted_seed42,8,C:\Users\DELL Precision 5550\Documents\GitHub\Terrasight-Eurosat-RGB-vs-Multispectral\data\raw\multispectral\PermanentCrop\PermanentCrop_580.tif,6,PermanentCrop,6,PermanentCrop,0.595081627368927,True,6,PermanentCrop,8,B7,0.004185497760772705
v4_ablation_rgb_rededge_nir_swir_resnet18_pretrained_adapted_seed42,8,C:\Users\DELL Precision 5550\Documents\GitHub\Terrasight-Eurosat-RGB-vs-Multispectral\data\raw\multispectral\PermanentCrop\PermanentCrop_580.tif,6,PermanentCrop,6,PermanentCrop,0.595081627368927,True,6,PermanentCrop,9,B8,-0.0012769699096679688
v4_ablation_rgb_rededge_nir_swir_resnet18_pretrained_adapted_seed42,8,C:\Users\DELL Precision 5550\Documents\GitHub\Terrasight-Eurosat-RGB-vs-Multispectral\data\raw\multispectral\PermanentCrop\PermanentCrop_580.tif,6,PermanentCrop,6,PermanentCrop,0.595081627368927,True,6,PermanentCrop,10,B12,-0.10716116428375244
v4_ablation_rgb_rededge_nir_swir_resnet18_pretrained_adapted_seed42,9,C:\Users\DELL Precision 5550\Documents\GitHub\Terrasight-Eurosat-RGB-vs-Multispectral\data\raw\multispectral\Pasture\Pasture_1171.tif,5,Pasture,5,Pasture,0.9869133830070496,True,5,Pasture,1,B3,0.9052639007568359
v4_ablation_rgb_rededge_nir_swir_resnet18_pretrained_adapted_seed42,9,C:\Users\DELL Precision 5550\Documents\GitHub\Terrasight-Eurosat-RGB-vs-Multispectral\data\raw\multispectral\Pasture\Pasture_1171.tif,5,Pasture,5,Pasture,0.9869133830070496,True,5,Pasture,2,B4,0.6144737899303436
v4_ablation_rgb_rededge_nir_swir_resnet18_pretrained_adapted_seed42,9,C:\Users\DELL Precision 5550\Documents\GitHub\Terrasight-Eurosat-RGB-vs-Multispectral\data\raw\multispectral\Pasture\Pasture_1171.tif,5,Pasture,5,Pasture,0.9869133830070496,True,5,Pasture,3,B2,0.12411659955978394
v4_ablation_rgb_rededge_nir_swir_resnet18_pretrained_adapted_seed42,9,C:\Users\DELL Precision 5550\Documents\GitHub\Terrasight-Eurosat-RGB-vs-Multispectral\data\raw\multispectral\Pasture\Pasture_1171.tif,5,Pasture,5,Pasture,0.9869133830070496,True,5,Pasture,4,B8,0.020325422286987305
v4_ablation_rgb_rededge_nir_swir_resnet18_pretrained_adapted_seed42,9,C:\Users\DELL Precision 5550\Documents\GitHub\Terrasight-Eurosat-RGB-vs-Multispectral\data\raw\multispectral\Pasture\Pasture_1171.tif,5,Pasture,5,Pasture,0.9869133830070496,True,5,Pasture,5,B12,0.012466907501220703
v4_ablation_rgb_rededge_nir_swir_resnet18_pretrained_adapted_seed42,9,C:\Users\DELL Precision 5550\Documents\GitHub\Terrasight-Eurosat-RGB-vs-Multispectral\data\raw\multispectral\Pasture\Pasture_1171.tif,5,Pasture,5,Pasture,0.9869133830070496,True,5,Pasture,6,B7,0.007230281829833984
v4_ablation_rgb_rededge_nir_swir_resnet18_pretrained_adapted_seed42,9,C:\Users\DELL Precision 5550\Documents\GitHub\Terrasight-Eurosat-RGB-vs-Multispectral\data\raw\multispectral\Pasture\Pasture_1171.tif,5,Pasture,5,Pasture,0.9869133830070496,True,5,Pasture,7,B5,0.004149079322814941
v4_ablation_rgb_rededge_nir_swir_resnet18_pretrained_adapted_seed42,9,C:\Users\DELL Precision 5550\Documents\GitHub\Terrasight-Eurosat-RGB-vs-Multispectral\data\raw\multispectral\Pasture\Pasture_1171.tif,5,Pasture,5,Pasture,0.9869133830070496,True,5,Pasture,8,B8A,0.00331878662109375
v4_ablation_rgb_rededge_nir_swir_resnet18_pretrained_adapted_seed42,9,C:\Users\DELL Precision 5550\Documents\GitHub\Terrasight-Eurosat-RGB-vs-Multispectral\data\raw\multispectral\Pasture\Pasture_1171.tif,5,Pasture,5,Pasture,0.9869133830070496,True,5,Pasture,9,B6,0.0006390810012817383
v4_ablation_rgb_rededge_nir_swir_resnet18_pretrained_adapted_seed42,9,C:\Users\DELL Precision 5550\Documents\GitHub\Terrasight-Eurosat-RGB-vs-Multispectral\data\raw\multispectral\Pasture\Pasture_1171.tif,5,Pasture,5,Pasture,0.9869133830070496,True,5,Pasture,10,B11,0.00028133392333984375
v4_ablation_rgb_rededge_nir_swir_resnet18_pretrained_adapted_seed42,10,C:\Users\DELL Precision 5550\Documents\GitHub\Terrasight-Eurosat-RGB-vs-Multispectral\data\raw\multispectral\HerbaceousVegetation\HerbaceousVegetation_1929.tif,2,HerbaceousVegetation,2,HerbaceousVegetation,0.9999243021011353,True,2,HerbaceousVegetation,1,B3,0.9994593673036434
v4_ablation_rgb_rededge_nir_swir_resnet18_pretrained_adapted_seed42,10,C:\Users\DELL Precision 5550\Documents\GitHub\Terrasight-Eurosat-RGB-vs-Multispectral\data\raw\multispectral\HerbaceousVegetation\HerbaceousVegetation_1929.tif,2,HerbaceousVegetation,2,HerbaceousVegetation,0.9999243021011353,True,2,HerbaceousVegetation,2,B4,0.0070691704750061035
v4_ablation_rgb_rededge_nir_swir_resnet18_pretrained_adapted_seed42,10,C:\Users\DELL Precision 5550\Documents\GitHub\Terrasight-Eurosat-RGB-vs-Multispectral\data\raw\multispectral\HerbaceousVegetation\HerbaceousVegetation_1929.tif,2,HerbaceousVegetation,2,HerbaceousVegetation,0.9999243021011353,True,2,HerbaceousVegetation,3,B2,0.003209233283996582
v4_ablation_rgb_rededge_nir_swir_resnet18_pretrained_adapted_seed42,10,C:\Users\DELL Precision 5550\Documents\GitHub\Terrasight-Eurosat-RGB-vs-Multispectral\data\raw\multispectral\HerbaceousVegetation\HerbaceousVegetation_1929.tif,2,HerbaceousVegetation,2,HerbaceousVegetation,0.9999243021011353,True,2,HerbaceousVegetation,4,B11,0.0004597306251525879
v4_ablation_rgb_rededge_nir_swir_resnet18_pretrained_adapted_seed42,10,C:\Users\DELL Precision 5550\Documents\GitHub\Terrasight-Eurosat-RGB-vs-Multispectral\data\raw\multispectral\HerbaceousVegetation\HerbaceousVegetation_1929.tif,2,HerbaceousVegetation,2,HerbaceousVegetation,0.9999243021011353,True,2,HerbaceousVegetation,5,B5,0.00029218196868896484
v4_ablation_rgb_rededge_nir_swir_resnet18_pretrained_adapted_seed42,10,C:\Users\DELL Precision 5550\Documents\GitHub\Terrasight-Eurosat-RGB-vs-Multispectral\data\raw\multispectral\HerbaceousVegetation\HerbaceousVegetation_1929.tif,2,HerbaceousVegetation,2,HerbaceousVegetation,0.9999243021011353,True,2,HerbaceousVegetation,6,B8,0.00021797418594360352
v4_ablation_rgb_rededge_nir_swir_resnet18_pretrained_adapted_seed42,10,C:\Users\DELL Precision 5550\Documents\GitHub\Terrasight-Eurosat-RGB-vs-Multispectral\data\raw\multispectral\HerbaceousVegetation\HerbaceousVegetation_1929.tif,2,HerbaceousVegetation,2,HerbaceousVegetation,0.9999243021011353,True,2,HerbaceousVegetation,7,B7,9.655952453613281e-05
v4_ablation_rgb_rededge_nir_swir_resnet18_pretrained_adapted_seed42,10,C:\Users\DELL Precision 5550\Documents\GitHub\Terrasight-Eurosat-RGB-vs-Multispectral\data\raw\multispectral\HerbaceousVegetation\HerbaceousVegetation_1929.tif,2,HerbaceousVegetation,2,HerbaceousVegetation,0.9999243021011353,True,2,HerbaceousVegetation,8,B12,8.189678192138672e-05
v4_ablation_rgb_rededge_nir_swir_resnet18_pretrained_adapted_seed42,10,C:\Users\DELL Precision 5550\Documents\GitHub\Terrasight-Eurosat-RGB-vs-Multispectral\data\raw\multispectral\HerbaceousVegetation\HerbaceousVegetation_1929.tif,2,HerbaceousVegetation,2,HerbaceousVegetation,0.9999243021011353,True,2,HerbaceousVegetation,9,B8A,1.239776611328125e-05
v4_ablation_rgb_rededge_nir_swir_resnet18_pretrained_adapted_seed42,10,C:\Users\DELL Precision 5550\Documents\GitHub\Terrasight-Eurosat-RGB-vs-Multispectral\data\raw\multispectral\HerbaceousVegetation\HerbaceousVegetation_1929.tif,2,HerbaceousVegetation,2,HerbaceousVegetation,0.9999243021011353,True,2,HerbaceousVegetation,10,B6,-1.0848045349121094e-05
v4_ablation_rgb_rededge_nir_swir_resnet18_pretrained_adapted_seed42,11,C:\Users\DELL Precision 5550\Documents\GitHub\Terrasight-Eurosat-RGB-vs-Multispectral\data\raw\multispectral\SeaLake\SeaLake_1146.tif,9,SeaLake,9,SeaLake,0.999992847442627,True,9,SeaLake,1,B4,0.008746325969696045
v4_ablation_rgb_rededge_nir_swir_resnet18_pretrained_adapted_seed42,11,C:\Users\DELL Precision 5550\Documents\GitHub\Terrasight-Eurosat-RGB-vs-Multispectral\data\raw\multispectral\SeaLake\SeaLake_1146.tif,9,SeaLake,9,SeaLake,0.999992847442627,True,9,SeaLake,2,B2,0.0019355416297912598
v4_ablation_rgb_rededge_nir_swir_resnet18_pretrained_adapted_seed42,11,C:\Users\DELL Precision 5550\Documents\GitHub\Terrasight-Eurosat-RGB-vs-Multispectral\data\raw\multispectral\SeaLake\SeaLake_1146.tif,9,SeaLake,9,SeaLake,0.999992847442627,True,9,SeaLake,3,B12,3.5762786865234375e-07
v4_ablation_rgb_rededge_nir_swir_resnet18_pretrained_adapted_seed42,11,C:\Users\DELL Precision 5550\Documents\GitHub\Terrasight-Eurosat-RGB-vs-Multispectral\data\raw\multispectral\SeaLake\SeaLake_1146.tif,9,SeaLake,9,SeaLake,0.999992847442627,True,9,SeaLake,4,B5,-4.76837158203125e-07
v4_ablation_rgb_rededge_nir_swir_resnet18_pretrained_adapted_seed42,11,C:\Users\DELL Precision 5550\Documents\GitHub\Terrasight-Eurosat-RGB-vs-Multispectral\data\raw\multispectral\SeaLake\SeaLake_1146.tif,9,SeaLake,9,SeaLake,0.999992847442627,True,9,SeaLake,5,B11,-9.5367431640625e-07
v4_ablation_rgb_rededge_nir_swir_resnet18_pretrained_adapted_seed42,11,C:\Users\DELL Precision 5550\Documents\GitHub\Terrasight-Eurosat-RGB-vs-Multispectral\data\raw\multispectral\SeaLake\SeaLake_1146.tif,9,SeaLake,9,SeaLake,0.999992847442627,True,9,SeaLake,6,B8A,-1.0728836059570312e-06
v4_ablation_rgb_rededge_nir_swir_resnet18_pretrained_adapted_seed42,11,C:\Users\DELL Precision 5550\Documents\GitHub\Terrasight-Eurosat-RGB-vs-Multispectral\data\raw\multispectral\SeaLake\SeaLake_1146.tif,9,SeaLake,9,SeaLake,0.999992847442627,True,9,SeaLake,7,B7,-2.2649765014648438e-06
v4_ablation_rgb_rededge_nir_swir_resnet18_pretrained_adapted_seed42,11,C:\Users\DELL Precision 5550\Documents\GitHub\Terrasight-Eurosat-RGB-vs-Multispectral\data\raw\multispectral\SeaLake\SeaLake_1146.tif,9,SeaLake,9,SeaLake,0.999992847442627,True,9,SeaLake,8,B6,-2.384185791015625e-06
v4_ablation_rgb_rededge_nir_swir_resnet18_pretrained_adapted_seed42,11,C:\Users\DELL Precision 5550\Documents\GitHub\Terrasight-Eurosat-RGB-vs-Multispectral\data\raw\multispectral\SeaLake\SeaLake_1146.tif,9,SeaLake,9,SeaLake,0.999992847442627,True,9,SeaLake,9,B8,-5.9604644775390625e-06
v4_ablation_rgb_rededge_nir_swir_resnet18_pretrained_adapted_seed42,11,C:\Users\DELL Precision 5550\Documents\GitHub\Terrasight-Eurosat-RGB-vs-Multispectral\data\raw\multispectral\SeaLake\SeaLake_1146.tif,9,SeaLake,9,SeaLake,0.999992847442627,True,9,SeaLake,10,B3,-6.198883056640625e-06
v4_ablation_rgb_rededge_nir_swir_resnet18_pretrained_adapted_seed42,12,C:\Users\DELL Precision 5550\Documents\GitHub\Terrasight-Eurosat-RGB-vs-Multispectral\data\raw\multispectral\Highway\Highway_1805.tif,3,Highway,3,Highway,0.9989331364631653,True,3,Highway,1,B3,0.14085984230041504
v4_ablation_rgb_rededge_nir_swir_resnet18_pretrained_adapted_seed42,12,C:\Users\DELL Precision 5550\Documents\GitHub\Terrasight-Eurosat-RGB-vs-Multispectral\data\raw\multispectral\Highway\Highway_1805.tif,3,Highway,3,Highway,0.9989331364631653,True,3,Highway,2,B4,0.07931417226791382
v4_ablation_rgb_rededge_nir_swir_resnet18_pretrained_adapted_seed42,12,C:\Users\DELL Precision 5550\Documents\GitHub\Terrasight-Eurosat-RGB-vs-Multispectral\data\raw\multispectral\Highway\Highway_1805.tif,3,Highway,3,Highway,0.9989331364631653,True,3,Highway,3,B2,0.024620234966278076
v4_ablation_rgb_rededge_nir_swir_resnet18_pretrained_adapted_seed42,12,C:\Users\DELL Precision 5550\Documents\GitHub\Terrasight-Eurosat-RGB-vs-Multispectral\data\raw\multispectral\Highway\Highway_1805.tif,3,Highway,3,Highway,0.9989331364631653,True,3,Highway,4,B11,0.0020029544830322266
v4_ablation_rgb_rededge_nir_swir_resnet18_pretrained_adapted_seed42,12,C:\Users\DELL Precision 5550\Documents\GitHub\Terrasight-Eurosat-RGB-vs-Multispectral\data\raw\multispectral\Highway\Highway_1805.tif,3,Highway,3,Highway,0.9989331364631653,True,3,Highway,5,B8,0.0019125938415527344
v4_ablation_rgb_rededge_nir_swir_resnet18_pretrained_adapted_seed42,12,C:\Users\DELL Precision 5550\Documents\GitHub\Terrasight-Eurosat-RGB-vs-Multispectral\data\raw\multispectral\Highway\Highway_1805.tif,3,Highway,3,Highway,0.9989331364631653,True,3,Highway,6,B12,0.0015810132026672363
v4_ablation_rgb_rededge_nir_swir_resnet18_pretrained_adapted_seed42,12,C:\Users\DELL Precision 5550\Documents\GitHub\Terrasight-Eurosat-RGB-vs-Multispectral\data\raw\multispectral\Highway\Highway_1805.tif,3,Highway,3,Highway,0.9989331364631653,True,3,Highway,7,B7,0.0006831884384155273
v4_ablation_rgb_rededge_nir_swir_resnet18_pretrained_adapted_seed42,12,C:\Users\DELL Precision 5550\Documents\GitHub\Terrasight-Eurosat-RGB-vs-Multispectral\data\raw\multispectral\Highway\Highway_1805.tif,3,Highway,3,Highway,0.9989331364631653,True,3,Highway,8,B8A,0.0003380775451660156
v4_ablation_rgb_rededge_nir_swir_resnet18_pretrained_adapted_seed42,12,C:\Users\DELL Precision 5550\Documents\GitHub\Terrasight-Eurosat-RGB-vs-Multispectral\data\raw\multispectral\Highway\Highway_1805.tif,3,Highway,3,Highway,0.9989331364631653,True,3,Highway,9,B6,0.00029397010803222656
v4_ablation_rgb_rededge_nir_swir_resnet18_pretrained_adapted_seed42,12,C:\Users\DELL Precision 5550\Documents\GitHub\Terrasight-Eurosat-RGB-vs-Multispectral\data\raw\multispectral\Highway\Highway_1805.tif,3,Highway,3,Highway,0.9989331364631653,True,3,Highway,10,B5,0.00012749433517456055
v4_ablation_rgb_rededge_nir_swir_resnet18_pretrained_adapted_seed42,13,C:\Users\DELL Precision 5550\Documents\GitHub\Terrasight-Eurosat-RGB-vs-Multispectral\data\raw\multispectral\Forest\Forest_947.tif,1,Forest,1,Forest,0.9992604851722717,True,1,Forest,1,B3,0.21886712312698364
v4_ablation_rgb_rededge_nir_swir_resnet18_pretrained_adapted_seed42,13,C:\Users\DELL Precision 5550\Documents\GitHub\Terrasight-Eurosat-RGB-vs-Multispectral\data\raw\multispectral\Forest\Forest_947.tif,1,Forest,1,Forest,0.9992604851722717,True,1,Forest,2,B4,0.20611333847045898
v4_ablation_rgb_rededge_nir_swir_resnet18_pretrained_adapted_seed42,13,C:\Users\DELL Precision 5550\Documents\GitHub\Terrasight-Eurosat-RGB-vs-Multispectral\data\raw\multispectral\Forest\Forest_947.tif,1,Forest,1,Forest,0.9992604851722717,True,1,Forest,3,B2,0.013240575790405273
v4_ablation_rgb_rededge_nir_swir_resnet18_pretrained_adapted_seed42,13,C:\Users\DELL Precision 5550\Documents\GitHub\Terrasight-Eurosat-RGB-vs-Multispectral\data\raw\multispectral\Forest\Forest_947.tif,1,Forest,1,Forest,0.9992604851722717,True,1,Forest,4,B8,0.000584721565246582
v4_ablation_rgb_rededge_nir_swir_resnet18_pretrained_adapted_seed42,13,C:\Users\DELL Precision 5550\Documents\GitHub\Terrasight-Eurosat-RGB-vs-Multispectral\data\raw\multispectral\Forest\Forest_947.tif,1,Forest,1,Forest,0.9992604851722717,True,1,Forest,5,B11,0.00023895502090454102
v4_ablation_rgb_rededge_nir_swir_resnet18_pretrained_adapted_seed42,13,C:\Users\DELL Precision 5550\Documents\GitHub\Terrasight-Eurosat-RGB-vs-Multispectral\data\raw\multispectral\Forest\Forest_947.tif,1,Forest,1,Forest,0.9992604851722717,True,1,Forest,6,B7,2.4259090423583984e-05
v4_ablation_rgb_rededge_nir_swir_resnet18_pretrained_adapted_seed42,13,C:\Users\DELL Precision 5550\Documents\GitHub\Terrasight-Eurosat-RGB-vs-Multispectral\data\raw\multispectral\Forest\Forest_947.tif,1,Forest,1,Forest,0.9992604851722717,True,1,Forest,7,B6,1.7940998077392578e-05
v4_ablation_rgb_rededge_nir_swir_resnet18_pretrained_adapted_seed42,13,C:\Users\DELL Precision 5550\Documents\GitHub\Terrasight-Eurosat-RGB-vs-Multispectral\data\raw\multispectral\Forest\Forest_947.tif,1,Forest,1,Forest,0.9992604851722717,True,1,Forest,8,B5,1.3172626495361328e-05
v4_ablation_rgb_rededge_nir_swir_resnet18_pretrained_adapted_seed42,13,C:\Users\DELL Precision 5550\Documents\GitHub\Terrasight-Eurosat-RGB-vs-Multispectral\data\raw\multispectral\Forest\Forest_947.tif,1,Forest,1,Forest,0.9992604851722717,True,1,Forest,9,B12,1.1563301086425781e-05
v4_ablation_rgb_rededge_nir_swir_resnet18_pretrained_adapted_seed42,13,C:\Users\DELL Precision 5550\Documents\GitHub\Terrasight-Eurosat-RGB-vs-Multispectral\data\raw\multispectral\Forest\Forest_947.tif,1,Forest,1,Forest,0.9992604851722717,True,1,Forest,10,B8A,-0.00012880563735961914
v4_ablation_rgb_rededge_nir_swir_resnet18_pretrained_adapted_seed42,14,C:\Users\DELL Precision 5550\Documents\GitHub\Terrasight-Eurosat-RGB-vs-Multispectral\data\raw\multispectral\Highway\Highway_2329.tif,3,Highway,3,Highway,0.9628456830978394,True,3,Highway,1,B2,0.9492674320936203
v4_ablation_rgb_rededge_nir_swir_resnet18_pretrained_adapted_seed42,14,C:\Users\DELL Precision 5550\Documents\GitHub\Terrasight-Eurosat-RGB-vs-Multispectral\data\raw\multispectral\Highway\Highway_2329.tif,3,Highway,3,Highway,0.9628456830978394,True,3,Highway,2,B3,0.8589956983923912
v4_ablation_rgb_rededge_nir_swir_resnet18_pretrained_adapted_seed42,14,C:\Users\DELL Precision 5550\Documents\GitHub\Terrasight-Eurosat-RGB-vs-Multispectral\data\raw\multispectral\Highway\Highway_2329.tif,3,Highway,3,Highway,0.9628456830978394,True,3,Highway,3,B4,0.7542822957038879
v4_ablation_rgb_rededge_nir_swir_resnet18_pretrained_adapted_seed42,14,C:\Users\DELL Precision 5550\Documents\GitHub\Terrasight-Eurosat-RGB-vs-Multispectral\data\raw\multispectral\Highway\Highway_2329.tif,3,Highway,3,Highway,0.9628456830978394,True,3,Highway,4,B12,0.03664928674697876
v4_ablation_rgb_rededge_nir_swir_resnet18_pretrained_adapted_seed42,14,C:\Users\DELL Precision 5550\Documents\GitHub\Terrasight-Eurosat-RGB-vs-Multispectral\data\raw\multispectral\Highway\Highway_2329.tif,3,Highway,3,Highway,0.9628456830978394,True,3,Highway,5,B8,0.01582103967666626
v4_ablation_rgb_rededge_nir_swir_resnet18_pretrained_adapted_seed42,14,C:\Users\DELL Precision 5550\Documents\GitHub\Terrasight-Eurosat-RGB-vs-Multispectral\data\raw\multispectral\Highway\Highway_2329.tif,3,Highway,3,Highway,0.9628456830978394,True,3,Highway,6,B7,0.014068782329559326
v4_ablation_rgb_rededge_nir_swir_resnet18_pretrained_adapted_seed42,14,C:\Users\DELL Precision 5550\Documents\GitHub\Terrasight-Eurosat-RGB-vs-Multispectral\data\raw\multispectral\Highway\Highway_2329.tif,3,Highway,3,Highway,0.9628456830978394,True,3,Highway,7,B5,0.00037539005279541016
v4_ablation_rgb_rededge_nir_swir_resnet18_pretrained_adapted_seed42,14,C:\Users\DELL Precision 5550\Documents\GitHub\Terrasight-Eurosat-RGB-vs-Multispectral\data\raw\multispectral\Highway\Highway_2329.tif,3,Highway,3,Highway,0.9628456830978394,True,3,Highway,8,B8A,-0.0010510087013244629
v4_ablation_rgb_rededge_nir_swir_resnet18_pretrained_adapted_seed42,14,C:\Users\DELL Precision 5550\Documents\GitHub\Terrasight-Eurosat-RGB-vs-Multispectral\data\raw\multispectral\Highway\Highway_2329.tif,3,Highway,3,Highway,0.9628456830978394,True,3,Highway,9,B6,-0.005306422710418701
v4_ablation_rgb_rededge_nir_swir_resnet18_pretrained_adapted_seed42,14,C:\Users\DELL Precision 5550\Documents\GitHub\Terrasight-Eurosat-RGB-vs-Multispectral\data\raw\multispectral\Highway\Highway_2329.tif,3,Highway,3,Highway,0.9628456830978394,True,3,Highway,10,B11,-0.022939622402191162
v4_ablation_rgb_rededge_nir_swir_resnet18_pretrained_adapted_seed42,15,C:\Users\DELL Precision 5550\Documents\GitHub\Terrasight-Eurosat-RGB-vs-Multispectral\data\raw\multispectral\SeaLake\SeaLake_2057.tif,9,SeaLake,9,SeaLake,0.99989914894104,True,9,SeaLake,1,B2,0.00060272216796875
v4_ablation_rgb_rededge_nir_swir_resnet18_pretrained_adapted_seed42,15,C:\Users\DELL Precision 5550\Documents\GitHub\Terrasight-Eurosat-RGB-vs-Multispectral\data\raw\multispectral\SeaLake\SeaLake_2057.tif,9,SeaLake,9,SeaLake,0.99989914894104,True,9,SeaLake,2,B4,0.00047278404235839844
v4_ablation_rgb_rededge_nir_swir_resnet18_pretrained_adapted_seed42,15,C:\Users\DELL Precision 5550\Documents\GitHub\Terrasight-Eurosat-RGB-vs-Multispectral\data\raw\multispectral\SeaLake\SeaLake_2057.tif,9,SeaLake,9,SeaLake,0.99989914894104,True,9,SeaLake,3,B8A,-1.1563301086425781e-05
v4_ablation_rgb_rededge_nir_swir_resnet18_pretrained_adapted_seed42,15,C:\Users\DELL Precision 5550\Documents\GitHub\Terrasight-Eurosat-RGB-vs-Multispectral\data\raw\multispectral\SeaLake\SeaLake_2057.tif,9,SeaLake,9,SeaLake,0.99989914894104,True,9,SeaLake,4,B11,-1.4662742614746094e-05
v4_ablation_rgb_rededge_nir_swir_resnet18_pretrained_adapted_seed42,15,C:\Users\DELL Precision 5550\Documents\GitHub\Terrasight-Eurosat-RGB-vs-Multispectral\data\raw\multispectral\SeaLake\SeaLake_2057.tif,9,SeaLake,9,SeaLake,0.99989914894104,True,9,SeaLake,5,B6,-3.8623809814453125e-05
v4_ablation_rgb_rededge_nir_swir_resnet18_pretrained_adapted_seed42,15,C:\Users\DELL Precision 5550\Documents\GitHub\Terrasight-Eurosat-RGB-vs-Multispectral\data\raw\multispectral\SeaLake\SeaLake_2057.tif,9,SeaLake,9,SeaLake,0.99989914894104,True,9,SeaLake,6,B12,-4.482269287109375e-05
v4_ablation_rgb_rededge_nir_swir_resnet18_pretrained_adapted_seed42,15,C:\Users\DELL Precision 5550\Documents\GitHub\Terrasight-Eurosat-RGB-vs-Multispectral\data\raw\multispectral\SeaLake\SeaLake_2057.tif,9,SeaLake,9,SeaLake,0.99989914894104,True,9,SeaLake,7,B8,-4.851818084716797e-05
v4_ablation_rgb_rededge_nir_swir_resnet18_pretrained_adapted_seed42,15,C:\Users\DELL Precision 5550\Documents\GitHub\Terrasight-Eurosat-RGB-vs-Multispectral\data\raw\multispectral\SeaLake\SeaLake_2057.tif,9,SeaLake,9,SeaLake,0.99989914894104,True,9,SeaLake,8,B7,-5.5789947509765625e-05
v4_ablation_rgb_rededge_nir_swir_resnet18_pretrained_adapted_seed42,15,C:\Users\DELL Precision 5550\Documents\GitHub\Terrasight-Eurosat-RGB-vs-Multispectral\data\raw\multispectral\SeaLake\SeaLake_2057.tif,9,SeaLake,9,SeaLake,0.99989914894104,True,9,SeaLake,9,B3,-6.377696990966797e-05
v4_ablation_rgb_rededge_nir_swir_resnet18_pretrained_adapted_seed42,15,C:\Users\DELL Precision 5550\Documents\GitHub\Terrasight-Eurosat-RGB-vs-Multispectral\data\raw\multispectral\SeaLake\SeaLake_2057.tif,9,SeaLake,9,SeaLake,0.99989914894104,True,9,SeaLake,10,B5,-6.830692291259766e-05
v4_ablation_rgb_rededge_nir_swir_resnet18_pretrained_adapted_seed42,16,C:\Users\DELL Precision 5550\Documents\GitHub\Terrasight-Eurosat-RGB-vs-Multispectral\data\raw\multispectral\AnnualCrop\AnnualCrop_1674.tif,0,AnnualCrop,0,AnnualCrop,0.817380428314209,True,0,AnnualCrop,1,B2,0.3698130249977112
v4_ablation_rgb_rededge_nir_swir_resnet18_pretrained_adapted_seed42,16,C:\Users\DELL Precision 5550\Documents\GitHub\Terrasight-Eurosat-RGB-vs-Multispectral\data\raw\multispectral\AnnualCrop\AnnualCrop_1674.tif,0,AnnualCrop,0,AnnualCrop,0.817380428314209,True,0,AnnualCrop,2,B6,0.23346936702728271
v4_ablation_rgb_rededge_nir_swir_resnet18_pretrained_adapted_seed42,16,C:\Users\DELL Precision 5550\Documents\GitHub\Terrasight-Eurosat-RGB-vs-Multispectral\data\raw\multispectral\AnnualCrop\AnnualCrop_1674.tif,0,AnnualCrop,0,AnnualCrop,0.817380428314209,True,0,AnnualCrop,3,B5,0.15061324834823608
v4_ablation_rgb_rededge_nir_swir_resnet18_pretrained_adapted_seed42,16,C:\Users\DELL Precision 5550\Documents\GitHub\Terrasight-Eurosat-RGB-vs-Multispectral\data\raw\multispectral\AnnualCrop\AnnualCrop_1674.tif,0,AnnualCrop,0,AnnualCrop,0.817380428314209,True,0,AnnualCrop,4,B4,0.1126435399055481
v4_ablation_rgb_rededge_nir_swir_resnet18_pretrained_adapted_seed42,16,C:\Users\DELL Precision 5550\Documents\GitHub\Terrasight-Eurosat-RGB-vs-Multispectral\data\raw\multispectral\AnnualCrop\AnnualCrop_1674.tif,0,AnnualCrop,0,AnnualCrop,0.817380428314209,True,0,AnnualCrop,5,B8A,-8.147954940795898e-05
v4_ablation_rgb_rededge_nir_swir_resnet18_pretrained_adapted_seed42,16,C:\Users\DELL Precision 5550\Documents\GitHub\Terrasight-Eurosat-RGB-vs-Multispectral\data\raw\multispectral\AnnualCrop\AnnualCrop_1674.tif,0,AnnualCrop,0,AnnualCrop,0.817380428314209,True,0,AnnualCrop,6,B11,-0.007843971252441406
v4_ablation_rgb_rededge_nir_swir_resnet18_pretrained_adapted_seed42,16,C:\Users\DELL Precision 5550\Documents\GitHub\Terrasight-Eurosat-RGB-vs-Multispectral\data\raw\multispectral\AnnualCrop\AnnualCrop_1674.tif,0,AnnualCrop,0,AnnualCrop,0.817380428314209,True,0,AnnualCrop,7,B3,-0.025721251964569092
v4_ablation_rgb_rededge_nir_swir_resnet18_pretrained_adapted_seed42,16,C:\Users\DELL Precision 5550\Documents\GitHub\Terrasight-Eurosat-RGB-vs-Multispectral\data\raw\multispectral\AnnualCrop\AnnualCrop_1674.tif,0,AnnualCrop,0,AnnualCrop,0.817380428314209,True,0,AnnualCrop,8,B7,-0.10197436809539795
v4_ablation_rgb_rededge_nir_swir_resnet18_pretrained_adapted_seed42,16,C:\Users\DELL Precision 5550\Documents\GitHub\Terrasight-Eurosat-RGB-vs-Multispectral\data\raw\multispectral\AnnualCrop\AnnualCrop_1674.tif,0,AnnualCrop,0,AnnualCrop,0.817380428314209,True,0,AnnualCrop,9,B12,-0.125552237033844
v4_ablation_rgb_rededge_nir_swir_resnet18_pretrained_adapted_seed42,16,C:\Users\DELL Precision 5550\Documents\GitHub\Terrasight-Eurosat-RGB-vs-Multispectral\data\raw\multispectral\AnnualCrop\AnnualCrop_1674.tif,0,AnnualCrop,0,AnnualCrop,0.817380428314209,True,0,AnnualCrop,10,B8,-0.15294981002807617
v4_ablation_rgb_rededge_nir_swir_resnet18_pretrained_adapted_seed42,17,C:\Users\DELL Precision 5550\Documents\GitHub\Terrasight-Eurosat-RGB-vs-Multispectral\data\raw\multispectral\SeaLake\SeaLake_1387.tif,9,SeaLake,9,SeaLake,0.9999639987945557,True,9,SeaLake,1,B2,0.002303004264831543
v4_ablation_rgb_rededge_nir_swir_resnet18_pretrained_adapted_seed42,17,C:\Users\DELL Precision 5550\Documents\GitHub\Terrasight-Eurosat-RGB-vs-Multispectral\data\raw\multispectral\SeaLake\SeaLake_1387.tif,9,SeaLake,9,SeaLake,0.9999639987945557,True,9,SeaLake,2,B4,0.0002506375312805176
v4_ablation_rgb_rededge_nir_swir_resnet18_pretrained_adapted_seed42,17,C:\Users\DELL Precision 5550\Documents\GitHub\Terrasight-Eurosat-RGB-vs-Multispectral\data\raw\multispectral\SeaLake\SeaLake_1387.tif,9,SeaLake,9,SeaLake,0.9999639987945557,True,9,SeaLake,3,B8A,6.091594696044922e-05
v4_ablation_rgb_rededge_nir_swir_resnet18_pretrained_adapted_seed42,17,C:\Users\DELL Precision 5550\Documents\GitHub\Terrasight-Eurosat-RGB-vs-Multispectral\data\raw\multispectral\SeaLake\SeaLake_1387.tif,9,SeaLake,9,SeaLake,0.9999639987945557,True,9,SeaLake,4,B12,1.2993812561035156e-05
v4_ablation_rgb_rededge_nir_swir_resnet18_pretrained_adapted_seed42,17,C:\Users\DELL Precision 5550\Documents\GitHub\Terrasight-Eurosat-RGB-vs-Multispectral\data\raw\multispectral\SeaLake\SeaLake_1387.tif,9,SeaLake,9,SeaLake,0.9999639987945557,True,9,SeaLake,5,B3,7.987022399902344e-06
v4_ablation_rgb_rededge_nir_swir_resnet18_pretrained_adapted_seed42,17,C:\Users\DELL Precision 5550\Documents\GitHub\Terrasight-Eurosat-RGB-vs-Multispectral\data\raw\multispectral\SeaLake\SeaLake_1387.tif,9,SeaLake,9,SeaLake,0.9999639987945557,True,9,SeaLake,6,B8,6.9141387939453125e-06
v4_ablation_rgb_rededge_nir_swir_resnet18_pretrained_adapted_seed42,17,C:\Users\DELL Precision 5550\Documents\GitHub\Terrasight-Eurosat-RGB-vs-Multispectral\data\raw\multispectral\SeaLake\SeaLake_1387.tif,9,SeaLake,9,SeaLake,0.9999639987945557,True,9,SeaLake,7,B7,-2.384185791015625e-06
v4_ablation_rgb_rededge_nir_swir_resnet18_pretrained_adapted_seed42,17,C:\Users\DELL Precision 5550\Documents\GitHub\Terrasight-Eurosat-RGB-vs-Multispectral\data\raw\multispectral\SeaLake\SeaLake_1387.tif,9,SeaLake,9,SeaLake,0.9999639987945557,True,9,SeaLake,8,B5,-1.2159347534179688e-05
v4_ablation_rgb_rededge_nir_swir_resnet18_pretrained_adapted_seed42,17,C:\Users\DELL Precision 5550\Documents\GitHub\Terrasight-Eurosat-RGB-vs-Multispectral\data\raw\multispectral\SeaLake\SeaLake_1387.tif,9,SeaLake,9,SeaLake,0.9999639987945557,True,9,SeaLake,9,B6,-1.4424324035644531e-05
v4_ablation_rgb_rededge_nir_swir_resnet18_pretrained_adapted_seed42,17,C:\Users\DELL Precision 5550\Documents\GitHub\Terrasight-Eurosat-RGB-vs-Multispectral\data\raw\multispectral\SeaLake\SeaLake_1387.tif,9,SeaLake,9,SeaLake,0.9999639987945557,True,9,SeaLake,10,B11,-1.621246337890625e-05
v4_ablation_rgb_rededge_nir_swir_resnet18_pretrained_adapted_seed42,18,C:\Users\DELL Precision 5550\Documents\GitHub\Terrasight-Eurosat-RGB-vs-Multispectral\data\raw\multispectral\Forest\Forest_1109.tif,1,Forest,1,Forest,0.9972004890441895,True,1,Forest,1,B3,0.25075864791870117
v4_ablation_rgb_rededge_nir_swir_resnet18_pretrained_adapted_seed42,18,C:\Users\DELL Precision 5550\Documents\GitHub\Terrasight-Eurosat-RGB-vs-Multispectral\data\raw\multispectral\Forest\Forest_1109.tif,1,Forest,1,Forest,0.9972004890441895,True,1,Forest,2,B4,0.15766370296478271
v4_ablation_rgb_rededge_nir_swir_resnet18_pretrained_adapted_seed42,18,C:\Users\DELL Precision 5550\Documents\GitHub\Terrasight-Eurosat-RGB-vs-Multispectral\data\raw\multispectral\Forest\Forest_1109.tif,1,Forest,1,Forest,0.9972004890441895,True,1,Forest,3,B2,0.016863763332366943
v4_ablation_rgb_rededge_nir_swir_resnet18_pretrained_adapted_seed42,18,C:\Users\DELL Precision 5550\Documents\GitHub\Terrasight-Eurosat-RGB-vs-Multispectral\data\raw\multispectral\Forest\Forest_1109.tif,1,Forest,1,Forest,0.9972004890441895,True,1,Forest,4,B8,0.006769359111785889
v4_ablation_rgb_rededge_nir_swir_resnet18_pretrained_adapted_seed42,18,C:\Users\DELL Precision 5550\Documents\GitHub\Terrasight-Eurosat-RGB-vs-Multispectral\data\raw\multispectral\Forest\Forest_1109.tif,1,Forest,1,Forest,0.9972004890441895,True,1,Forest,5,B11,0.001993238925933838
v4_ablation_rgb_rededge_nir_swir_resnet18_pretrained_adapted_seed42,18,C:\Users\DELL Precision 5550\Documents\GitHub\Terrasight-Eurosat-RGB-vs-Multispectral\data\raw\multispectral\Forest\Forest_1109.tif,1,Forest,1,Forest,0.9972004890441895,True,1,Forest,6,B6,0.0008421540260314941
v4_ablation_rgb_rededge_nir_swir_resnet18_pretrained_adapted_seed42,18,C:\Users\DELL Precision 5550\Documents\GitHub\Terrasight-Eurosat-RGB-vs-Multispectral\data\raw\multispectral\Forest\Forest_1109.tif,1,Forest,1,Forest,0.9972004890441895,True,1,Forest,7,B8A,4.6133995056152344e-05
v4_ablation_rgb_rededge_nir_swir_resnet18_pretrained_adapted_seed42,18,C:\Users\DELL Precision 5550\Documents\GitHub\Terrasight-Eurosat-RGB-vs-Multispectral\data\raw\multispectral\Forest\Forest_1109.tif,1,Forest,1,Forest,0.9972004890441895,True,1,Forest,8,B5,1.0192394256591797e-05
v4_ablation_rgb_rededge_nir_swir_resnet18_pretrained_adapted_seed42,18,C:\Users\DELL Precision 5550\Documents\GitHub\Terrasight-Eurosat-RGB-vs-Multispectral\data\raw\multispectral\Forest\Forest_1109.tif,1,Forest,1,Forest,0.9972004890441895,True,1,Forest,9,B12,-0.0005609989166259766
v4_ablation_rgb_rededge_nir_swir_resnet18_pretrained_adapted_seed42,18,C:\Users\DELL Precision 5550\Documents\GitHub\Terrasight-Eurosat-RGB-vs-Multispectral\data\raw\multispectral\Forest\Forest_1109.tif,1,Forest,1,Forest,0.9972004890441895,True,1,Forest,10,B7,-0.0007786154747009277
v4_ablation_rgb_rededge_nir_swir_resnet18_pretrained_adapted_seed42,19,C:\Users\DELL Precision 5550\Documents\GitHub\Terrasight-Eurosat-RGB-vs-Multispectral\data\raw\multispectral\AnnualCrop\AnnualCrop_799.tif,0,AnnualCrop,0,AnnualCrop,0.8029085397720337,True,0,AnnualCrop,1,B2,0.7818875927478075
v4_ablation_rgb_rededge_nir_swir_resnet18_pretrained_adapted_seed42,19,C:\Users\DELL Precision 5550\Documents\GitHub\Terrasight-Eurosat-RGB-vs-Multispectral\data\raw\multispectral\AnnualCrop\AnnualCrop_799.tif,0,AnnualCrop,0,AnnualCrop,0.8029085397720337,True,0,AnnualCrop,2,B3,0.2776488661766052
v4_ablation_rgb_rededge_nir_swir_resnet18_pretrained_adapted_seed42,19,C:\Users\DELL Precision 5550\Documents\GitHub\Terrasight-Eurosat-RGB-vs-Multispectral\data\raw\multispectral\AnnualCrop\AnnualCrop_799.tif,0,AnnualCrop,0,AnnualCrop,0.8029085397720337,True,0,AnnualCrop,3,B8A,0.10572224855422974
v4_ablation_rgb_rededge_nir_swir_resnet18_pretrained_adapted_seed42,19,C:\Users\DELL Precision 5550\Documents\GitHub\Terrasight-Eurosat-RGB-vs-Multispectral\data\raw\multispectral\AnnualCrop\AnnualCrop_799.tif,0,AnnualCrop,0,AnnualCrop,0.8029085397720337,True,0,AnnualCrop,4,B12,0.09761655330657959
v4_ablation_rgb_rededge_nir_swir_resnet18_pretrained_adapted_seed42,19,C:\Users\DELL Precision 5550\Documents\GitHub\Terrasight-Eurosat-RGB-vs-Multispectral\data\raw\multispectral\AnnualCrop\AnnualCrop_799.tif,0,AnnualCrop,0,AnnualCrop,0.8029085397720337,True,0,AnnualCrop,5,B7,0.025106966495513916
v4_ablation_rgb_rededge_nir_swir_resnet18_pretrained_adapted_seed42,19,C:\Users\DELL Precision 5550\Documents\GitHub\Terrasight-Eurosat-RGB-vs-Multispectral\data\raw\multispectral\AnnualCrop\AnnualCrop_799.tif,0,AnnualCrop,0,AnnualCrop,0.8029085397720337,True,0,AnnualCrop,6,B8,0.022895455360412598
v4_ablation_rgb_rededge_nir_swir_resnet18_pretrained_adapted_seed42,19,C:\Users\DELL Precision 5550\Documents\GitHub\Terrasight-Eurosat-RGB-vs-Multispectral\data\raw\multispectral\AnnualCrop\AnnualCrop_799.tif,0,AnnualCrop,0,AnnualCrop,0.8029085397720337,True,0,AnnualCrop,7,B5,-0.012367486953735352
v4_ablation_rgb_rededge_nir_swir_resnet18_pretrained_adapted_seed42,19,C:\Users\DELL Precision 5550\Documents\GitHub\Terrasight-Eurosat-RGB-vs-Multispectral\data\raw\multispectral\AnnualCrop\AnnualCrop_799.tif,0,AnnualCrop,0,AnnualCrop,0.8029085397720337,True,0,AnnualCrop,8,B11,-0.017329752445220947
v4_ablation_rgb_rededge_nir_swir_resnet18_pretrained_adapted_seed42,19,C:\Users\DELL Precision 5550\Documents\GitHub\Terrasight-Eurosat-RGB-vs-Multispectral\data\raw\multispectral\AnnualCrop\AnnualCrop_799.tif,0,AnnualCrop,0,AnnualCrop,0.8029085397720337,True,0,AnnualCrop,9,B6,-0.07895827293395996
v4_ablation_rgb_rededge_nir_swir_resnet18_pretrained_adapted_seed42,19,C:\Users\DELL Precision 5550\Documents\GitHub\Terrasight-Eurosat-RGB-vs-Multispectral\data\raw\multispectral\AnnualCrop\AnnualCrop_799.tif,0,AnnualCrop,0,AnnualCrop,0.8029085397720337,True,0,AnnualCrop,10,B4,-0.18867236375808716
